mean_r,mean_g,mean_b,std_r,std_g,std_b,range_r,range_g,range_b,label
128.0419921875,128.0419921875,128.0419921875,73.18726778848688,73.18726778848688,73.18726778848688,255,255,255,0
126.671875,126.671875,126.671875,74.83278070711641,74.83278070711641,74.83278070711641,255,255,255,0
127.9072265625,127.9072265625,127.9072265625,73.93106207788641,73.93106207788641,73.93106207788641,255,255,255,0
128.824951171875,128.824951171875,128.824951171875,73.29817150378581,73.29817150378581,73.29817150378581,255,255,255,0
128.72509765625,128.72509765625,128.72509765625,73.96210637009604,73.96210637009604,73.96210637009604,255,255,255,0
127.572998046875,127.572998046875,127.572998046875,73.7097284340161,73.7097284340161,73.7097284340161,255,255,255,0
125.805908203125,125.805908203125,125.805908203125,73.64553429063103,73.64553429063103,73.64553429063103,255,255,255,0
126.84619140625,126.84619140625,126.84619140625,73.2368920595453,73.2368920595453,73.2368920595453,255,255,255,0
127.00537109375,127.00537109375,127.00537109375,73.5916166786007,73.5916166786007,73.5916166786007,255,255,255,0
128.28369140625,128.28369140625,128.28369140625,74.15781437750522,74.15781437750522,74.15781437750522,255,255,255,0
127.0078125,127.0078125,127.0078125,73.74786435930598,73.74786435930598,73.74786435930598,255,255,255,0
126.91259765625,126.91259765625,126.91259765625,74.28814635562868,74.28814635562868,74.28814635562868,255,255,255,0
126.577392578125,126.577392578125,126.577392578125,74.51184146296045,74.51184146296045,74.51184146296045,255,255,255,0
127.10205078125,127.10205078125,127.10205078125,73.0157492889842,73.0157492889842,73.0157492889842,255,255,255,0
126.750732421875,126.750732421875,126.750732421875,74.7237596635275,74.7237596635275,74.7237596635275,255,255,255,0
129.197509765625,129.197509765625,129.197509765625,74.09491843006582,74.09491843006582,74.09491843006582,255,255,255,0
128.863525390625,128.863525390625,128.863525390625,73.36079223653205,73.36079223653205,73.36079223653205,255,255,255,0
127.762451171875,127.762451171875,127.762451171875,73.77936363434311,73.77936363434311,73.77936363434311,255,255,255,0
127.522216796875,127.522216796875,127.522216796875,74.21424982783081,74.21424982783081,74.21424982783081,255,255,255,0
125.9677734375,125.9677734375,125.9677734375,73.20132192632295,73.20132192632295,73.20132192632295,255,255,255,0
127.575927734375,127.575927734375,127.575927734375,73.67762667512542,73.67762667512542,73.67762667512542,255,255,255,0
128.54833984375,128.54833984375,128.54833984375,73.54124724310844,73.54124724310844,73.54124724310844,255,255,255,0
128.3828125,128.3828125,128.3828125,73.89837059939883,73.89837059939883,73.89837059939883,255,255,255,0
128.38037109375,128.38037109375,128.38037109375,74.57852827946553,74.57852827946553,74.57852827946553,255,255,255,0
127.9970703125,127.9970703125,127.9970703125,74.62402500940586,74.62402500940586,74.62402500940586,255,255,255,0
125.733154296875,125.733154296875,125.733154296875,73.99466721185114,73.99466721185114,73.99466721185114,255,255,255,0
126.982177734375,126.982177734375,126.982177734375,73.71995829303096,73.71995829303096,73.71995829303096,255,255,255,0
127.1064453125,127.1064453125,127.1064453125,73.62449196994807,73.62449196994807,73.62449196994807,255,255,255,0
127.28076171875,127.28076171875,127.28076171875,75.17971489858341,75.17971489858341,75.17971489858341,255,255,255,0
126.290771484375,126.290771484375,126.290771484375,74.14783567932545,74.14783567932545,74.14783567932545,255,255,255,0
126.21533203125,126.21533203125,126.21533203125,75.17956381697135,75.17956381697135,75.17956381697135,255,255,255,0
128.0048828125,128.0048828125,128.0048828125,74.62963223417454,74.62963223417454,74.62963223417454,255,255,255,0
127.72802734375,127.72802734375,127.72802734375,73.99992250586654,73.99992250586654,73.99992250586654,255,255,255,0
126.770263671875,126.770263671875,126.770263671875,73.40802070906601,73.40802070906601,73.40802070906601,255,255,255,0
126.694580078125,126.694580078125,126.694580078125,73.82780079240608,73.82780079240608,73.82780079240608,255,255,255,0
127.4189453125,127.4189453125,127.4189453125,75.07385863568047,75.07385863568047,75.07385863568047,255,255,255,0
127.10400390625,127.10400390625,127.10400390625,73.5177548415176,73.5177548415176,73.5177548415176,255,255,255,0
126.730224609375,126.730224609375,126.730224609375,74.17128564219942,74.17128564219942,74.17128564219942,255,255,255,0
125.989013671875,125.989013671875,125.989013671875,73.5699279809945,73.5699279809945,73.5699279809945,255,255,255,0
129.817138671875,129.817138671875,129.817138671875,73.59841419147767,73.59841419147767,73.59841419147767,255,255,255,0
126.27392578125,126.27392578125,126.27392578125,73.88686429038904,73.88686429038904,73.88686429038904,255,255,255,0
125.614013671875,125.614013671875,125.614013671875,73.64067432435098,73.64067432435098,73.64067432435098,255,255,255,0
126.809814453125,126.809814453125,126.809814453125,73.94262920293093,73.94262920293093,73.94262920293093,255,255,255,0
127.0986328125,127.0986328125,127.0986328125,73.2035604848702,73.2035604848702,73.2035604848702,255,255,255,0
127.43603515625,127.43603515625,127.43603515625,73.73699110838137,73.73699110838137,73.73699110838137,255,255,255,0
127.522216796875,127.522216796875,127.522216796875,72.72417520163214,72.72417520163214,72.72417520163214,255,255,255,0
126.89599609375,126.89599609375,126.89599609375,73.37955442360109,73.37955442360109,73.37955442360109,255,255,255,0
126.37548828125,126.37548828125,126.37548828125,73.81427697344968,73.81427697344968,73.81427697344968,255,255,255,0
128.545654296875,128.545654296875,128.545654296875,74.14461011195573,74.14461011195573,74.14461011195573,255,255,255,0
123.799072265625,123.799072265625,123.799072265625,73.08406245335698,73.08406245335698,73.08406245335698,255,255,255,0
128.25732421875,128.25732421875,128.25732421875,73.5638752730166,73.5638752730166,73.5638752730166,255,255,255,0
128.02783203125,128.02783203125,128.02783203125,73.62924904697715,73.62924904697715,73.62924904697715,255,255,255,0
127.070556640625,127.070556640625,127.070556640625,73.46208466337305,73.46208466337305,73.46208466337305,255,255,255,0
128.078857421875,128.078857421875,128.078857421875,73.8466751315954,73.8466751315954,73.8466751315954,255,255,255,0
127.533935546875,127.533935546875,127.533935546875,74.44485506759287,74.44485506759287,74.44485506759287,255,255,255,0
130.056640625,130.056640625,130.056640625,73.40412615890267,73.40412615890267,73.40412615890267,255,255,255,0
128.048828125,128.048828125,128.048828125,73.78437399804216,73.78437399804216,73.78437399804216,255,255,255,0
125.836181640625,125.836181640625,125.836181640625,74.26503010669461,74.26503010669461,74.26503010669461,255,255,255,0
125.81787109375,125.81787109375,125.81787109375,73.63560402837753,73.63560402837753,73.63560402837753,255,255,255,0
128.147705078125,128.147705078125,128.147705078125,73.72686613868632,73.72686613868632,73.72686613868632,255,255,255,0
126.495849609375,126.495849609375,126.495849609375,74.11015069408008,74.11015069408008,74.11015069408008,255,255,255,0
126.281982421875,126.281982421875,126.281982421875,73.79964779868959,73.79964779868959,73.79964779868959,255,255,255,0
128.980224609375,128.980224609375,128.980224609375,74.7587091860761,74.7587091860761,74.7587091860761,255,255,255,0
127.7646484375,127.7646484375,127.7646484375,73.87185893989523,73.87185893989523,73.87185893989523,255,255,255,0
127.404541015625,127.404541015625,127.404541015625,73.79777761784092,73.79777761784092,73.79777761784092,255,255,255,0
128.894775390625,128.894775390625,128.894775390625,74.044637297695,74.044637297695,74.044637297695,255,255,255,0
126.89501953125,126.89501953125,126.89501953125,74.85564698371914,74.85564698371914,74.85564698371914,255,255,255,0
127.1064453125,127.1064453125,127.1064453125,73.91118441152325,73.91118441152325,73.91118441152325,255,255,255,0
128.794189453125,128.794189453125,128.794189453125,73.50448657269617,73.50448657269617,73.50448657269617,255,255,255,0
126.323974609375,126.323974609375,126.323974609375,74.27800116096357,74.27800116096357,74.27800116096357,255,255,255,0
126.62841796875,126.62841796875,126.62841796875,74.27849971925963,74.27849971925963,74.27849971925963,255,255,255,0
128.53466796875,128.53466796875,128.53466796875,74.55913569845545,74.55913569845545,74.55913569845545,255,255,255,0
127.70556640625,127.70556640625,127.70556640625,73.92918333582904,73.92918333582904,73.92918333582904,255,255,255,0
126.327392578125,126.327392578125,126.327392578125,72.88503958797315,72.88503958797315,72.88503958797315,255,255,255,0
126.814453125,126.814453125,126.814453125,73.75814471772543,73.75814471772543,73.75814471772543,255,255,255,0
127.591064453125,127.591064453125,127.591064453125,75.19639006201778,75.19639006201778,75.19639006201778,255,255,255,0
127.867919921875,127.867919921875,127.867919921875,73.97351844955116,73.97351844955116,73.97351844955116,255,255,255,0
128.831787109375,128.831787109375,128.831787109375,73.09433969493844,73.09433969493844,73.09433969493844,255,255,255,0
128.21923828125,128.21923828125,128.21923828125,73.24850535088436,73.24850535088436,73.24850535088436,255,255,255,0
128.350830078125,128.350830078125,128.350830078125,73.0383314809553,73.0383314809553,73.0383314809553,255,255,255,0
126.77294921875,126.77294921875,126.77294921875,73.45176863173707,73.45176863173707,73.45176863173707,255,255,255,0
127.216064453125,127.216064453125,127.216064453125,74.30477873141115,74.30477873141115,74.30477873141115,255,255,255,0
127.784423828125,127.784423828125,127.784423828125,73.27066928919098,73.27066928919098,73.27066928919098,255,255,255,0
128.303955078125,128.303955078125,128.303955078125,73.29887277429549,73.29887277429549,73.29887277429549,255,255,255,0
125.14404296875,125.14404296875,125.14404296875,73.67900617436356,73.67900617436356,73.67900617436356,255,255,255,0
127.140380859375,127.140380859375,127.140380859375,73.30688231255095,73.30688231255095,73.30688231255095,255,255,255,0
126.689453125,126.689453125,126.689453125,73.03921414436171,73.03921414436171,73.03921414436171,255,255,255,0
126.537353515625,126.537353515625,126.537353515625,73.64381637756405,73.64381637756405,73.64381637756405,255,255,255,0
126.42529296875,126.42529296875,126.42529296875,73.97029324087293,73.97029324087293,73.97029324087293,255,255,255,0
127.669677734375,127.669677734375,127.669677734375,73.5501962316652,73.5501962316652,73.5501962316652,255,255,255,0
128.892822265625,128.892822265625,128.892822265625,73.71542480872053,73.71542480872053,73.71542480872053,255,255,255,0
126.9755859375,126.9755859375,126.9755859375,74.24656314152563,74.24656314152563,74.24656314152563,255,255,255,0
126.427978515625,126.427978515625,126.427978515625,74.35133019110712,74.35133019110712,74.35133019110712,255,255,255,0
128.823974609375,128.823974609375,128.823974609375,73.86316147095066,73.86316147095066,73.86316147095066,255,255,255,0
127.204833984375,127.204833984375,127.204833984375,73.57514219421,73.57514219421,73.57514219421,255,255,255,0
125.786865234375,125.786865234375,125.786865234375,72.77970850488518,72.77970850488518,72.77970850488518,255,255,255,0
125.353271484375,125.353271484375,125.353271484375,73.39479778456,73.39479778456,73.39479778456,255,255,255,0
128.23046875,128.23046875,128.23046875,73.82924840001775,73.82924840001775,73.82924840001775,255,255,255,0
128.269287109375,128.269287109375,128.269287109375,73.92919830084627,73.92919830084627,73.92919830084627,255,255,255,0
127.919921875,127.919921875,127.919921875,73.58793722793598,73.58793722793598,73.58793722793598,255,255,255,0
127.99853515625,127.99853515625,127.99853515625,74.66714875581485,74.66714875581485,74.66714875581485,255,255,255,0
126.88232421875,126.88232421875,126.88232421875,74.11930060870115,74.11930060870115,74.11930060870115,255,255,255,0
127.844970703125,127.844970703125,127.844970703125,74.35267613434627,74.35267613434627,74.35267613434627,255,255,255,0
125.970703125,125.970703125,125.970703125,73.33068109686842,73.33068109686842,73.33068109686842,255,255,255,0
125.2451171875,125.2451171875,125.2451171875,73.73864766695883,73.73864766695883,73.73864766695883,255,255,255,0
128.91796875,128.91796875,128.91796875,74.17955616019837,74.17955616019837,74.17955616019837,255,255,255,0
127.854736328125,127.854736328125,127.854736328125,74.36763777918631,74.36763777918631,74.36763777918631,255,255,255,0
129.912353515625,129.912353515625,129.912353515625,73.3332663452229,73.3332663452229,73.3332663452229,255,255,255,0
127.694580078125,127.694580078125,127.694580078125,73.61742075482675,73.61742075482675,73.61742075482675,255,255,255,0
127.482177734375,127.482177734375,127.482177734375,73.98574724666973,73.98574724666973,73.98574724666973,255,255,255,0
127.636474609375,127.636474609375,127.636474609375,73.80930433171008,73.80930433171008,73.80930433171008,255,255,255,0
127.91552734375,127.91552734375,127.91552734375,73.82236381698026,73.82236381698026,73.82236381698026,255,255,255,0
127.730224609375,127.730224609375,127.730224609375,74.71350700804867,74.71350700804867,74.71350700804867,255,255,255,0
128.63232421875,128.63232421875,128.63232421875,74.91329669391898,74.91329669391898,74.91329669391898,255,255,255,0
127.455078125,127.455078125,127.455078125,74.52983773291001,74.52983773291001,74.52983773291001,255,255,255,0
127.5673828125,127.5673828125,127.5673828125,74.42395874540557,74.42395874540557,74.42395874540557,255,255,255,0
127.77392578125,127.77392578125,127.77392578125,73.71309102788403,73.71309102788403,73.71309102788403,255,255,255,0
126.415283203125,126.415283203125,126.415283203125,74.90042967856111,74.90042967856111,74.90042967856111,255,255,255,0
128.390625,128.390625,128.390625,74.69281002305794,74.69281002305794,74.69281002305794,255,255,255,0
126.498779296875,126.498779296875,126.498779296875,73.24029371534418,73.24029371534418,73.24029371534418,255,255,255,0
126.22119140625,126.22119140625,126.22119140625,74.37029856560213,74.37029856560213,74.37029856560213,255,255,255,0
126.9990234375,126.9990234375,126.9990234375,74.54568124845547,74.54568124845547,74.54568124845547,255,255,255,0
126.769775390625,126.769775390625,126.769775390625,73.06699405118643,73.06699405118643,73.06699405118643,255,255,255,0
126.66162109375,126.66162109375,126.66162109375,73.6907584608023,73.6907584608023,73.6907584608023,255,255,255,0
128.80810546875,128.80810546875,128.80810546875,73.84723656552002,73.84723656552002,73.84723656552002,255,255,255,0
128.28662109375,128.28662109375,128.28662109375,74.18224349999377,74.18224349999377,74.18224349999377,255,255,255,0
126.0986328125,126.0986328125,126.0986328125,74.23931319140014,74.23931319140014,74.23931319140014,255,255,255,0
126.880615234375,126.880615234375,126.880615234375,73.83204622663598,73.83204622663598,73.83204622663598,255,255,255,0
125.778076171875,125.778076171875,125.778076171875,73.24236586851653,73.24236586851653,73.24236586851653,255,255,255,0
129.01806640625,129.01806640625,129.01806640625,73.35312084477023,73.35312084477023,73.35312084477023,255,255,255,0
128.6689453125,128.6689453125,128.6689453125,73.46923032901348,73.46923032901348,73.46923032901348,255,255,255,0
128.331298828125,128.331298828125,128.331298828125,74.14077388599749,74.14077388599749,74.14077388599749,255,255,255,0
127.04736328125,127.04736328125,127.04736328125,73.41615183642895,73.41615183642895,73.41615183642895,255,255,255,0
128.054931640625,128.054931640625,128.054931640625,73.62359174756237,73.62359174756237,73.62359174756237,255,255,255,0
128.295166015625,128.295166015625,128.295166015625,73.76510727201138,73.76510727201138,73.76510727201138,255,255,255,0
127.720458984375,127.720458984375,127.720458984375,74.25763935989993,74.25763935989993,74.25763935989993,255,255,255,0
125.61279296875,125.61279296875,125.61279296875,73.24029354159293,73.24029354159293,73.24029354159293,255,255,255,0
127.0400390625,127.0400390625,127.0400390625,73.81855499084206,73.81855499084206,73.81855499084206,255,255,255,0
125.554443359375,125.554443359375,125.554443359375,74.26189840996437,74.26189840996437,74.26189840996437,255,255,255,0
127.87841796875,127.87841796875,127.87841796875,73.94547626459091,73.94547626459091,73.94547626459091,255,255,255,0
126.900634765625,126.900634765625,126.900634765625,73.28401606978034,73.28401606978034,73.28401606978034,255,255,255,0
126.0791015625,126.0791015625,126.0791015625,73.6176155091654,73.6176155091654,73.6176155091654,255,255,255,0
126.0419921875,126.0419921875,126.0419921875,74.0018026222584,74.0018026222584,74.0018026222584,255,255,255,0
128.229248046875,128.229248046875,128.229248046875,73.38031306640514,73.38031306640514,73.38031306640514,255,255,255,0
131.236572265625,131.236572265625,131.236572265625,74.608031338481,74.608031338481,74.608031338481,255,255,255,0
125.794921875,125.794921875,125.794921875,74.82817513828027,74.82817513828027,74.82817513828027,255,255,255,0
127.6865234375,127.6865234375,127.6865234375,73.53394182030678,73.53394182030678,73.53394182030678,255,255,255,0
127.307373046875,127.307373046875,127.307373046875,73.49990702277745,73.49990702277745,73.49990702277745,255,255,255,0
130.106201171875,130.106201171875,130.106201171875,73.62672231526552,73.62672231526552,73.62672231526552,255,255,255,0
127.693603515625,127.693603515625,127.693603515625,73.81292415007678,73.81292415007678,73.81292415007678,255,255,255,0
128.410888671875,128.410888671875,128.410888671875,73.14546567638318,73.14546567638318,73.14546567638318,255,255,255,0
128.904052734375,128.904052734375,128.904052734375,74.24255751828997,74.24255751828997,74.24255751828997,255,255,255,0
126.286865234375,126.286865234375,126.286865234375,73.69719033066445,73.69719033066445,73.69719033066445,255,255,255,0
126.822509765625,126.822509765625,126.822509765625,74.33999958455964,74.33999958455964,74.33999958455964,255,255,255,0
126.148681640625,126.148681640625,126.148681640625,75.46765729812087,75.46765729812087,75.46765729812087,255,255,255,0
124.982421875,124.982421875,124.982421875,73.56368934622755,73.56368934622755,73.56368934622755,255,255,255,0
127.350830078125,127.350830078125,127.350830078125,74.07004651884024,74.07004651884024,74.07004651884024,255,255,255,0
126.618896484375,126.618896484375,126.618896484375,73.91340163834299,73.91340163834299,73.91340163834299,255,255,255,0
127.883056640625,127.883056640625,127.883056640625,73.57713285082242,73.57713285082242,73.57713285082242,255,255,255,0
129.9765625,129.9765625,129.9765625,73.85497651582014,73.85497651582014,73.85497651582014,255,255,255,0
127.098876953125,127.098876953125,127.098876953125,73.84299776587666,73.84299776587666,73.84299776587666,255,255,255,0
127.77392578125,127.77392578125,127.77392578125,73.99094752892996,73.99094752892996,73.99094752892996,255,255,255,0
129.0751953125,129.0751953125,129.0751953125,74.11958645098458,74.11958645098458,74.11958645098458,255,255,255,0
126.521484375,126.521484375,126.521484375,74.70255161712437,74.70255161712437,74.70255161712437,255,255,255,0
130.969482421875,130.969482421875,130.969482421875,74.67066557352392,74.67066557352392,74.67066557352392,255,255,255,0
127.41162109375,127.41162109375,127.41162109375,74.38822756395282,74.38822756395282,74.38822756395282,255,255,255,0
128.439208984375,128.439208984375,128.439208984375,74.43458232998906,74.43458232998906,74.43458232998906,255,255,255,0
126.89599609375,126.89599609375,126.89599609375,73.727568248968,73.727568248968,73.727568248968,255,255,255,0
126.18603515625,126.18603515625,126.18603515625,74.40691319201724,74.40691319201724,74.40691319201724,255,255,255,0
126.531982421875,126.531982421875,126.531982421875,74.17924904475268,74.17924904475268,74.17924904475268,255,255,255,0
128.50634765625,128.50634765625,128.50634765625,73.91600397275958,73.91600397275958,73.91600397275958,255,255,255,0
128.36279296875,128.36279296875,128.36279296875,74.26208091961756,74.26208091961756,74.26208091961756,255,255,255,0
129.17822265625,129.17822265625,129.17822265625,72.8995688803082,72.8995688803082,72.8995688803082,255,255,255,0
125.961669921875,125.961669921875,125.961669921875,74.29595488089836,74.29595488089836,74.29595488089836,255,255,255,0
126.642333984375,126.642333984375,126.642333984375,74.48270008619882,74.48270008619882,74.48270008619882,255,255,255,0
126.60791015625,126.60791015625,126.60791015625,73.7147530704806,73.7147530704806,73.7147530704806,255,255,255,0
127.846435546875,127.846435546875,127.846435546875,74.68945540059093,74.68945540059093,74.68945540059093,255,255,255,0
126.93017578125,126.93017578125,126.93017578125,73.30249230745655,73.30249230745655,73.30249230745655,255,255,255,0
127.702880859375,127.702880859375,127.702880859375,73.83766209234383,73.83766209234383,73.83766209234383,255,255,255,0
127.404541015625,127.404541015625,127.404541015625,74.0483779315999,74.0483779315999,74.0483779315999,255,255,255,0
129.384033203125,129.384033203125,129.384033203125,73.87412243651035,73.87412243651035,73.87412243651035,255,255,255,0
129.15771484375,129.15771484375,129.15771484375,74.31706993578636,74.31706993578636,74.31706993578636,255,255,255,0
126.545166015625,126.545166015625,126.545166015625,74.26926183152612,74.26926183152612,74.26926183152612,255,255,255,0
128.680908203125,128.680908203125,128.680908203125,73.05830616943594,73.05830616943594,73.05830616943594,255,255,255,0
127.369384765625,127.369384765625,127.369384765625,73.71695519098235,73.71695519098235,73.71695519098235,255,255,255,0
127.841796875,127.841796875,127.841796875,74.39894487904375,74.39894487904375,74.39894487904375,255,255,255,0
125.996337890625,125.996337890625,125.996337890625,74.13071579108305,74.13071579108305,74.13071579108305,255,255,255,0
126.51171875,126.51171875,126.51171875,73.99320901176269,73.99320901176269,73.99320901176269,255,255,255,0
128.642578125,128.642578125,128.642578125,74.17648259331101,74.17648259331101,74.17648259331101,255,255,255,0
127.834228515625,127.834228515625,127.834228515625,73.69620396465034,73.69620396465034,73.69620396465034,255,255,255,0
126.59423828125,126.59423828125,126.59423828125,73.59259490870224,73.59259490870224,73.59259490870224,255,255,255,0
125.864013671875,125.864013671875,125.864013671875,73.27611465151307,73.27611465151307,73.27611465151307,255,255,255,0
127.330078125,127.330078125,127.330078125,74.40559004323127,74.40559004323127,74.40559004323127,255,255,255,0
127.825439453125,127.825439453125,127.825439453125,73.45288434138308,73.45288434138308,73.45288434138308,255,255,255,0
126.748291015625,126.748291015625,126.748291015625,73.7234285554993,73.7234285554993,73.7234285554993,255,255,255,0
128.86328125,128.86328125,128.86328125,73.7612965353589,73.7612965353589,73.7612965353589,255,255,255,0
128.597900390625,128.597900390625,128.597900390625,74.25622202390528,74.25622202390528,74.25622202390528,255,255,255,0
126.093017578125,126.093017578125,126.093017578125,73.16709452190264,73.16709452190264,73.16709452190264,255,255,255,0
125.9501953125,125.9501953125,125.9501953125,73.91794939085739,73.91794939085739,73.91794939085739,255,255,255,0
128.715576171875,128.715576171875,128.715576171875,73.48375811430455,73.48375811430455,73.48375811430455,255,255,255,0
127.476318359375,127.476318359375,127.476318359375,73.13288169142795,73.13288169142795,73.13288169142795,255,255,255,0
128.15869140625,128.15869140625,128.15869140625,72.67003036418336,72.67003036418336,72.67003036418336,255,255,255,0
127.485595703125,127.485595703125,127.485595703125,74.38653920160039,74.38653920160039,74.38653920160039,255,255,255,0
126.96044921875,126.96044921875,126.96044921875,74.14216705583742,74.14216705583742,74.14216705583742,255,255,255,0
128.806884765625,128.806884765625,128.806884765625,73.69806872272419,73.69806872272419,73.69806872272419,255,255,255,0
126.970703125,126.970703125,126.970703125,74.13058659052696,74.13058659052696,74.13058659052696,255,255,255,0
125.54052734375,125.54052734375,125.54052734375,73.35273577594539,73.35273577594539,73.35273577594539,255,255,255,0
127.242919921875,127.242919921875,127.242919921875,74.0394236443223,74.0394236443223,74.0394236443223,255,255,255,0
127.24853515625,127.24853515625,127.24853515625,74.29457473964608,74.29457473964608,74.29457473964608,255,255,255,0
127.02392578125,127.02392578125,127.02392578125,73.9532383253566,73.9532383253566,73.9532383253566,255,255,255,0
128.61572265625,128.61572265625,128.61572265625,73.7154168575718,73.7154168575718,73.7154168575718,255,255,255,0
128.88916015625,128.88916015625,128.88916015625,73.36578892140592,73.36578892140592,73.36578892140592,255,255,255,0
126.95361328125,126.95361328125,126.95361328125,72.88543019156725,72.88543019156725,72.88543019156725,255,255,255,0
126.470703125,126.470703125,126.470703125,73.75853447105708,73.75853447105708,73.75853447105708,255,255,255,0
126.83984375,126.83984375,126.83984375,73.96973841739666,73.96973841739666,73.96973841739666,255,255,255,0
127.172607421875,127.172607421875,127.172607421875,72.86124804341152,72.86124804341152,72.86124804341152,255,255,255,0
128.02001953125,128.02001953125,128.02001953125,74.37822727766755,74.37822727766755,74.37822727766755,255,255,255,0
127.04443359375,127.04443359375,127.04443359375,74.26569553615079,74.26569553615079,74.26569553615079,255,255,255,0
124.78857421875,124.78857421875,124.78857421875,74.35522469715241,74.35522469715241,74.35522469715241,255,255,255,0
127.267578125,127.267578125,127.267578125,73.13792743365627,73.13792743365627,73.13792743365627,255,255,255,0
127.517822265625,127.517822265625,127.517822265625,73.25509377782612,73.25509377782612,73.25509377782612,255,255,255,0
129.291259765625,129.291259765625,129.291259765625,73.21552810996315,73.21552810996315,73.21552810996315,255,255,255,0
129.552001953125,129.552001953125,129.552001953125,73.70580131413925,73.70580131413925,73.70580131413925,255,255,255,0
125.92529296875,125.92529296875,125.92529296875,73.6245276997804,73.6245276997804,73.6245276997804,255,255,255,0
125.25244140625,125.25244140625,125.25244140625,73.96790995441138,73.96790995441138,73.96790995441138,255,255,255,0
126.006591796875,126.006591796875,126.006591796875,73.84776825652952,73.84776825652952,73.84776825652952,255,255,255,0
127.919921875,127.919921875,127.919921875,73.49522620547471,73.49522620547471,73.49522620547471,255,255,255,0
124.805908203125,124.805908203125,124.805908203125,74.36770364850935,74.36770364850935,74.36770364850935,255,255,255,0
127.703125,127.703125,127.703125,74.62287508752343,74.62287508752343,74.62287508752343,255,255,255,0
129.110595703125,129.110595703125,129.110595703125,74.23424657321966,74.23424657321966,74.23424657321966,255,255,255,0
126.910888671875,126.910888671875,126.910888671875,74.06489064305755,74.06489064305755,74.06489064305755,255,255,255,0
126.9052734375,126.9052734375,126.9052734375,74.03981925607401,74.03981925607401,74.03981925607401,255,255,255,0
129.34521484375,129.34521484375,129.34521484375,72.81439084557155,72.81439084557155,72.81439084557155,255,255,255,0
128.262451171875,128.262451171875,128.262451171875,74.15182980562925,74.15182980562925,74.15182980562925,255,255,255,0
126.9638671875,126.9638671875,126.9638671875,74.38782165668054,74.38782165668054,74.38782165668054,255,255,255,0
127.210693359375,127.210693359375,127.210693359375,74.32643039183768,74.32643039183768,74.32643039183768,255,255,255,0
126.467529296875,126.467529296875,126.467529296875,74.493943233433,74.493943233433,74.493943233433,255,255,255,0
126.96875,126.96875,126.96875,73.17734504698159,73.17734504698159,73.17734504698159,255,255,255,0
128.625244140625,128.625244140625,128.625244140625,73.67814917238177,73.67814917238177,73.67814917238177,255,255,255,0
127.17724609375,127.17724609375,127.17724609375,73.3070672128786,73.3070672128786,73.3070672128786,255,255,255,0
128.046875,128.046875,128.046875,72.92930043081536,72.92930043081536,72.92930043081536,255,255,255,0
128.072265625,128.072265625,128.072265625,74.21913258022282,74.21913258022282,74.21913258022282,255,255,255,0
127.70947265625,127.70947265625,127.70947265625,73.64924969462542,73.64924969462542,73.64924969462542,255,255,255,0
127.515869140625,127.515869140625,127.515869140625,73.86885775892218,73.86885775892218,73.86885775892218,255,255,255,0
128.303466796875,128.303466796875,128.303466796875,74.1352915474477,74.1352915474477,74.1352915474477,255,255,255,0
128.1328125,128.1328125,128.1328125,73.61014571542495,73.61014571542495,73.61014571542495,255,255,255,0
124.6728515625,124.6728515625,124.6728515625,74.12151792301842,74.12151792301842,74.12151792301842,255,255,255,0
129.93798828125,129.93798828125,129.93798828125,74.31377181848926,74.31377181848926,74.31377181848926,255,255,255,0
127.46923828125,127.46923828125,127.46923828125,74.35269512577644,74.35269512577644,74.35269512577644,255,255,255,0
127.5263671875,127.5263671875,127.5263671875,74.1171329884506,74.1171329884506,74.1171329884506,255,255,255,0
125.629638671875,125.629638671875,125.629638671875,74.57573875599392,74.57573875599392,74.57573875599392,255,255,255,0
124.863037109375,124.863037109375,124.863037109375,73.87929305521587,73.87929305521587,73.87929305521587,255,255,255,0
127.7646484375,127.7646484375,127.7646484375,74.9463237629407,74.9463237629407,74.9463237629407,255,255,255,0
127.748046875,127.748046875,127.748046875,73.89727083465466,73.89727083465466,73.89727083465466,255,255,255,0
127.04248046875,127.04248046875,127.04248046875,73.764111812612,73.764111812612,73.764111812612,255,255,255,0
126.53759765625,126.53759765625,126.53759765625,73.77732579363388,73.77732579363388,73.77732579363388,255,255,255,0
128.79541015625,128.79541015625,128.79541015625,73.37958246995267,73.37958246995267,73.37958246995267,255,255,255,0
129.162353515625,129.162353515625,129.162353515625,73.70703368854352,73.70703368854352,73.70703368854352,255,255,255,0
126.464111328125,126.464111328125,126.464111328125,74.38298395363674,74.38298395363674,74.38298395363674,255,255,255,0
126.749755859375,126.749755859375,126.749755859375,74.40718595155617,74.40718595155617,74.40718595155617,255,255,255,0
130.029052734375,130.029052734375,130.029052734375,73.40149972444705,73.40149972444705,73.40149972444705,255,255,255,0
126.64990234375,126.64990234375,126.64990234375,74.1427043964869,74.1427043964869,74.1427043964869,255,255,255,0
127.33740234375,127.33740234375,127.33740234375,73.61851645031929,73.61851645031929,73.61851645031929,255,255,255,0
128.943359375,128.943359375,128.943359375,73.90802201128677,73.90802201128677,73.90802201128677,255,255,255,0
126.7900390625,126.7900390625,126.7900390625,74.61999013751928,74.61999013751928,74.61999013751928,255,255,255,0
127.771728515625,127.771728515625,127.771728515625,73.54147487571245,73.54147487571245,73.54147487571245,255,255,255,0
127.310302734375,127.310302734375,127.310302734375,73.86669892624087,73.86669892624087,73.86669892624087,255,255,255,0
127.3984375,127.3984375,127.3984375,72.87792753486713,72.87792753486713,72.87792753486713,255,255,255,0
125.7783203125,125.7783203125,125.7783203125,74.17751603727305,74.17751603727305,74.17751603727305,255,255,255,0
127.68798828125,127.68798828125,127.68798828125,74.36965456273892,74.36965456273892,74.36965456273892,255,255,255,0
127.2099609375,127.2099609375,127.2099609375,73.81768185662548,73.81768185662548,73.81768185662548,255,255,255,0
130.186279296875,130.186279296875,130.186279296875,73.9939636554593,73.9939636554593,73.9939636554593,255,255,255,0
126.108642578125,126.108642578125,126.108642578125,73.62691439251066,73.62691439251066,73.62691439251066,255,255,255,0
127.362060546875,127.362060546875,127.362060546875,73.4275526245157,73.4275526245157,73.4275526245157,255,255,255,0
129.339111328125,129.339111328125,129.339111328125,73.56878553217399,73.56878553217399,73.56878553217399,255,255,255,0
124.897216796875,124.897216796875,124.897216796875,74.57138877279797,74.57138877279797,74.57138877279797,255,255,255,0
127.366455078125,127.366455078125,127.366455078125,74.55956771877162,74.55956771877162,74.55956771877162,255,255,255,0
127.59375,127.59375,127.59375,74.46696651242415,74.46696651242415,74.46696651242415,255,255,255,0
128.841552734375,128.841552734375,128.841552734375,74.46631763974496,74.46631763974496,74.46631763974496,255,255,255,0
127.6630859375,127.6630859375,127.6630859375,73.55024765642017,73.55024765642017,73.55024765642017,255,255,255,0
126.636474609375,126.636474609375,126.636474609375,73.68574350955546,73.68574350955546,73.68574350955546,255,255,255,0
128.01611328125,128.01611328125,128.01611328125,74.60845538785914,74.60845538785914,74.60845538785914,255,255,255,0
125.154052734375,125.154052734375,125.154052734375,74.23728024059513,74.23728024059513,74.23728024059513,255,255,255,0
128.127685546875,128.127685546875,128.127685546875,74.1101379962485,74.1101379962485,74.1101379962485,255,255,255,0
127.493896484375,127.493896484375,127.493896484375,74.04889090322081,74.04889090322081,74.04889090322081,255,255,255,0
126.815673828125,126.815673828125,126.815673828125,74.87588335791429,74.87588335791429,74.87588335791429,255,255,255,0
126.794921875,126.794921875,126.794921875,74.16628365007004,74.16628365007004,74.16628365007004,255,255,255,0
126.846923828125,126.846923828125,126.846923828125,73.87637976787627,73.87637976787627,73.87637976787627,255,255,255,0
127.3662109375,127.3662109375,127.3662109375,74.37251946295758,74.37251946295758,74.37251946295758,255,255,255,0
128.17333984375,128.17333984375,128.17333984375,73.88608493517957,73.88608493517957,73.88608493517957,255,255,255,0
127.0185546875,127.0185546875,127.0185546875,73.63445429178226,73.63445429178226,73.63445429178226,255,255,255,0
128.030029296875,128.030029296875,128.030029296875,73.25490482324855,73.25490482324855,73.25490482324855,255,255,255,0
127.4375,127.4375,127.4375,74.20403472541942,74.20403472541942,74.20403472541942,255,255,255,0
126.399169921875,126.399169921875,126.399169921875,73.61402712489887,73.61402712489887,73.61402712489887,255,255,255,0
127.821044921875,127.821044921875,127.821044921875,74.32814277959855,74.32814277959855,74.32814277959855,255,255,255,0
128.209716796875,128.209716796875,128.209716796875,74.04253893269384,74.04253893269384,74.04253893269384,255,255,255,0
126.7626953125,126.7626953125,126.7626953125,73.87114874003781,73.87114874003781,73.87114874003781,255,255,255,0
128.469482421875,128.469482421875,128.469482421875,73.44535893005715,73.44535893005715,73.44535893005715,255,255,255,0
125.981689453125,125.981689453125,125.981689453125,74.29394813291994,74.29394813291994,74.29394813291994,255,255,255,0
128.031982421875,128.031982421875,128.031982421875,74.20140062072828,74.20140062072828,74.20140062072828,255,255,255,0
126.75048828125,126.75048828125,126.75048828125,73.33838890288602,73.33838890288602,73.33838890288602,255,255,255,0
128.102783203125,128.102783203125,128.102783203125,74.40158684508201,74.40158684508201,74.40158684508201,255,255,255,0
127.95654296875,127.95654296875,127.95654296875,74.83925199272227,74.83925199272227,74.83925199272227,255,255,255,0
127.58837890625,127.58837890625,127.58837890625,73.47948269189794,73.47948269189794,73.47948269189794,255,255,255,0
127.20751953125,127.20751953125,127.20751953125,74.41614803245261,74.41614803245261,74.41614803245261,255,255,255,0
127.485595703125,127.485595703125,127.485595703125,73.9778114666231,73.9778114666231,73.9778114666231,255,255,255,0
127.553955078125,127.553955078125,127.553955078125,73.25039674981832,73.25039674981832,73.25039674981832,255,255,255,0
128.604736328125,128.604736328125,128.604736328125,74.54601050790929,74.54601050790929,74.54601050790929,255,255,255,0
127.772705078125,127.772705078125,127.772705078125,74.10785035003286,74.10785035003286,74.10785035003286,255,255,255,0
126.051025390625,126.051025390625,126.051025390625,73.40471065810516,73.40471065810516,73.40471065810516,255,255,255,0
127.25,127.25,127.25,73.19016861061327,73.19016861061327,73.19016861061327,255,255,255,0
126.9931640625,126.9931640625,126.9931640625,74.15622993144244,74.15622993144244,74.15622993144244,255,255,255,0
124.95849609375,124.95849609375,124.95849609375,74.217557464656,74.217557464656,74.217557464656,255,255,255,0
128.739990234375,128.739990234375,128.739990234375,73.71000320618738,73.71000320618738,73.71000320618738,255,255,255,0
126.37841796875,126.37841796875,126.37841796875,74.15403009106907,74.15403009106907,74.15403009106907,255,255,255,0
128.380615234375,128.380615234375,128.380615234375,73.40462964641765,73.40462964641765,73.40462964641765,255,255,255,0
127.91064453125,127.91064453125,127.91064453125,73.65378273322223,73.65378273322223,73.65378273322223,255,255,255,0
126.67138671875,126.67138671875,126.67138671875,73.40159642038711,73.40159642038711,73.40159642038711,255,255,255,0
128.738037109375,128.738037109375,128.738037109375,73.8491717913753,73.8491717913753,73.8491717913753,255,255,255,0
127.68212890625,127.68212890625,127.68212890625,73.89249034809124,73.89249034809124,73.89249034809124,255,255,255,0
127.314208984375,127.314208984375,127.314208984375,73.95425339343075,73.95425339343075,73.95425339343075,255,255,255,0
127.457275390625,127.457275390625,127.457275390625,74.0687835599131,74.0687835599131,74.0687835599131,255,255,255,0
126.951416015625,126.951416015625,126.951416015625,73.555552274834,73.555552274834,73.555552274834,255,255,255,0
127.139892578125,127.139892578125,127.139892578125,73.50931468924337,73.50931468924337,73.50931468924337,255,255,255,0
127.50341796875,127.50341796875,127.50341796875,74.29290366645047,74.29290366645047,74.29290366645047,255,255,255,0
127.532470703125,127.532470703125,127.532470703125,74.59920853737952,74.59920853737952,74.59920853737952,255,255,255,0
126.459228515625,126.459228515625,126.459228515625,73.46690433793003,73.46690433793003,73.46690433793003,255,255,255,0
128.21826171875,128.21826171875,128.21826171875,73.97752719435057,73.97752719435057,73.97752719435057,255,255,255,0
128.504638671875,128.504638671875,128.504638671875,73.81621086384226,73.81621086384226,73.81621086384226,255,255,255,0
126.64990234375,126.64990234375,126.64990234375,74.05901554296808,74.05901554296808,74.05901554296808,255,255,255,0
128.093994140625,128.093994140625,128.093994140625,74.5988602084402,74.5988602084402,74.5988602084402,255,255,255,0
126.68603515625,126.68603515625,126.68603515625,73.51028016106413,73.51028016106413,73.51028016106413,255,255,255,0
127.279052734375,127.279052734375,127.279052734375,73.55373122839053,73.55373122839053,73.55373122839053,255,255,255,0
128.22314453125,128.22314453125,128.22314453125,73.39228336343967,73.39228336343967,73.39228336343967,255,255,255,0
126.5947265625,126.5947265625,126.5947265625,74.24275145807742,74.24275145807742,74.24275145807742,255,255,255,0
126.4638671875,126.4638671875,126.4638671875,73.59769205926985,73.59769205926985,73.59769205926985,255,255,255,0
127.8828125,127.8828125,127.8828125,73.85387571750107,73.85387571750107,73.85387571750107,255,255,255,0
127.87890625,127.87890625,127.87890625,74.00937232386491,74.00937232386491,74.00937232386491,255,255,255,0
128.015869140625,128.015869140625,128.015869140625,74.64457443318302,74.64457443318302,74.64457443318302,255,255,255,0
126.35498046875,126.35498046875,126.35498046875,73.8155096007391,73.8155096007391,73.8155096007391,255,255,255,0
126.62255859375,126.62255859375,126.62255859375,73.18562603611004,73.18562603611004,73.18562603611004,255,255,255,0
127.058349609375,127.058349609375,127.058349609375,73.3846968651841,73.3846968651841,73.3846968651841,255,255,255,0
127.79052734375,127.79052734375,127.79052734375,74.78271302969212,74.78271302969212,74.78271302969212,255,255,255,0
126.3603515625,126.3603515625,126.3603515625,74.09685075144998,74.09685075144998,74.09685075144998,255,255,255,0
128.756103515625,128.756103515625,128.756103515625,74.16659244179137,74.16659244179137,74.16659244179137,255,255,255,0
127.58935546875,127.58935546875,127.58935546875,74.32571124138472,74.32571124138472,74.32571124138472,255,255,255,0
126.608154296875,126.608154296875,126.608154296875,73.63011324237908,73.63011324237908,73.63011324237908,255,255,255,0
126.9306640625,126.9306640625,126.9306640625,73.87361909895691,73.87361909895691,73.87361909895691,255,255,255,0
127.849609375,127.849609375,127.849609375,74.36286560574042,74.36286560574042,74.36286560574042,255,255,255,0
127.58984375,127.58984375,127.58984375,73.40565289757551,73.40565289757551,73.40565289757551,255,255,255,0
128.367919921875,128.367919921875,128.367919921875,74.28965452670185,74.28965452670185,74.28965452670185,255,255,255,0
125.652099609375,125.652099609375,125.652099609375,73.52574691534134,73.52574691534134,73.52574691534134,255,255,255,0
126.283935546875,126.283935546875,126.283935546875,73.2541307478346,73.2541307478346,73.2541307478346,255,255,255,0
128.334716796875,128.334716796875,128.334716796875,74.17692917671751,74.17692917671751,74.17692917671751,255,255,255,0
127.8740234375,127.8740234375,127.8740234375,74.44861934834286,74.44861934834286,74.44861934834286,255,255,255,0
128.098388671875,128.098388671875,128.098388671875,74.6507417216408,74.6507417216408,74.6507417216408,255,255,255,0
127.80859375,127.80859375,127.80859375,74.14667872002063,74.14667872002063,74.14667872002063,255,255,255,0
128.2041015625,128.2041015625,128.2041015625,73.97323102959905,73.97323102959905,73.97323102959905,255,255,255,0
126.632568359375,126.632568359375,126.632568359375,74.0632450110552,74.0632450110552,74.0632450110552,255,255,255,0
126.446044921875,126.446044921875,126.446044921875,73.4843269520756,73.4843269520756,73.4843269520756,255,255,255,0
129.020263671875,129.020263671875,129.020263671875,74.53891685886626,74.53891685886626,74.53891685886626,255,255,255,0
126.023193359375,126.023193359375,126.023193359375,74.4031472418335,74.4031472418335,74.4031472418335,255,255,255,0
128.0546875,128.0546875,128.0546875,73.87644706638473,73.87644706638473,73.87644706638473,255,255,255,0
128.968505859375,128.968505859375,128.968505859375,73.61252238225832,73.61252238225832,73.61252238225832,255,255,255,0
129.218505859375,129.218505859375,129.218505859375,73.84471777371787,73.84471777371787,73.84471777371787,255,255,255,0
126.448486328125,126.448486328125,126.448486328125,74.74128412980915,74.74128412980915,74.74128412980915,255,255,255,0
128.362060546875,128.362060546875,128.362060546875,74.51772358947414,74.51772358947414,74.51772358947414,255,255,255,0
126.77001953125,126.77001953125,126.77001953125,74.01254472690925,74.01254472690925,74.01254472690925,255,255,255,0
127.3330078125,127.3330078125,127.3330078125,72.87756578041054,72.87756578041054,72.87756578041054,255,255,255,0
125.825439453125,125.825439453125,125.825439453125,74.87207219405043,74.87207219405043,74.87207219405043,255,255,255,0
128.51220703125,128.51220703125,128.51220703125,73.91463250171368,73.91463250171368,73.91463250171368,255,255,255,0
128.624755859375,128.624755859375,128.624755859375,73.96260115470048,73.96260115470048,73.96260115470048,255,255,255,0
126.98095703125,126.98095703125,126.98095703125,73.49188231547475,73.49188231547475,73.49188231547475,255,255,255,0
128.2529296875,128.2529296875,128.2529296875,74.34112930970265,74.34112930970265,74.34112930970265,255,255,255,0
126.537841796875,126.537841796875,126.537841796875,73.47762556468064,73.47762556468064,73.47762556468064,255,255,255,0
127.83837890625,127.83837890625,127.83837890625,74.44157178009344,74.44157178009344,74.44157178009344,255,255,255,0
126.75048828125,126.75048828125,126.75048828125,73.19681469437182,73.19681469437182,73.19681469437182,255,255,255,0
127.71435546875,127.71435546875,127.71435546875,74.57891196797368,74.57891196797368,74.57891196797368,255,255,255,0
127.93115234375,127.93115234375,127.93115234375,73.36914136427848,73.36914136427848,73.36914136427848,255,255,255,0
126.406494140625,126.406494140625,126.406494140625,73.91859071660703,73.91859071660703,73.91859071660703,255,255,255,0
126.726806640625,126.726806640625,126.726806640625,73.65101158820914,73.65101158820914,73.65101158820914,255,255,255,0
127.590576171875,127.590576171875,127.590576171875,73.03476068704093,73.03476068704093,73.03476068704093,255,255,255,0
128.793701171875,128.793701171875,128.793701171875,74.56469813773566,74.56469813773566,74.56469813773566,255,255,255,0
129.2646484375,129.2646484375,129.2646484375,73.33070879126649,73.33070879126649,73.33070879126649,255,255,255,0
125.436279296875,125.436279296875,125.436279296875,73.61011191671116,73.61011191671116,73.61011191671116,255,255,255,0
127.0576171875,127.0576171875,127.0576171875,74.44050818193482,74.44050818193482,74.44050818193482,255,255,255,0
125.63427734375,125.63427734375,125.63427734375,74.34866614200254,74.34866614200254,74.34866614200254,255,255,255,0
128.879150390625,128.879150390625,128.879150390625,74.40096904073252,74.40096904073252,74.40096904073252,255,255,255,0
126.344482421875,126.344482421875,126.344482421875,73.37898755286076,73.37898755286076,73.37898755286076,255,255,255,0
127.29833984375,127.29833984375,127.29833984375,74.21976879022954,74.21976879022954,74.21976879022954,255,255,255,0
129.30078125,129.30078125,129.30078125,74.20526758708507,74.20526758708507,74.20526758708507,255,255,255,0
125.969482421875,125.969482421875,125.969482421875,74.38509842371354,74.38509842371354,74.38509842371354,255,255,255,0
125.4462890625,125.4462890625,125.4462890625,74.24172043154168,74.24172043154168,74.24172043154168,255,255,255,0
126.766845703125,126.766845703125,126.766845703125,73.36329418718685,73.36329418718685,73.36329418718685,255,255,255,0
127.208740234375,127.208740234375,127.208740234375,73.74021473600025,73.74021473600025,73.74021473600025,255,255,255,0
127.714599609375,127.714599609375,127.714599609375,73.78414094383804,73.78414094383804,73.78414094383804,255,255,255,0
125.952392578125,125.952392578125,125.952392578125,72.6379676537106,72.6379676537106,72.6379676537106,255,255,255,0
129.03125,129.03125,129.03125,73.68951107836685,73.68951107836685,73.68951107836685,255,255,255,0
128.876953125,128.876953125,128.876953125,74.34423928021627,74.34423928021627,74.34423928021627,255,255,255,0
129.756103515625,129.756103515625,129.756103515625,73.56630882273342,73.56630882273342,73.56630882273342,255,255,255,0
128.0419921875,128.0419921875,127.826171875,73.18726778848688,73.18726778848688,73.0575614415302,255,255,255,0
89.287353515625,53.361083984375,41.487060546875,78.35230804516183,37.308249852118536,40.17210081801863,250,208,229,0
195.69482421875,193.5087890625,190.0263671875,45.716310945794156,38.93124098092534,40.68942953477197,206,223,236,0
102.00244140625,109.230712890625,92.77978515625,73.98911840586449,69.82200964830305,75.48865447629427,225,214,235,0
146.873046875,93.45458984375,90.906005859375,59.21615261531521,53.2705532556938,53.9296706645994,234,229,249,0
157.01025390625,136.34033203125,149.3916015625,64.17704616319145,59.00236186254331,63.60804482898565,241,239,247,0
169.76806640625,159.539306640625,144.5068359375,33.583434692037386,43.161724828188376,43.53976218090722,197,229,217,0
164.784423828125,101.92041015625,79.161865234375,61.86362870225925,63.966135704912425,69.484334037242,248,253,248,0
112.216552734375,87.4208984375,121.327880859375,52.12692245247517,42.84319830942025,64.41688309850478,244,254,244,0
133.244140625,125.754150390625,105.866455078125,69.80868082690522,70.9605163470165,73.53475267722546,255,249,218,0
99.769775390625,68.13818359375,114.095458984375,58.633111566928314,41.12206661058839,92.42301441015883,253,210,241,0
165.16357421875,132.752685546875,94.145751953125,65.49759657832843,56.79505557277324,46.302746490246506,249,233,207,0
213.445068359375,152.759765625,108.928466796875,35.324312323223054,44.38652911788179,50.845003347651826,234,253,241,0
235.0859375,235.0859375,235.0859375,22.512267434858572,22.512267434858572,22.512267434858572,248,248,248,0
182.926025390625,21.647216796875,54.24609375,43.29283629241151,23.65162205118748,32.74590689437324,251,207,180,0
196.071533203125,152.384033203125,117.961669921875,49.986438690136005,73.30259369973393,79.33212575804008,219,248,248,0
121.603759765625,133.047119140625,156.617919921875,74.35105953665716,48.751802615926024,50.11035440235406,255,220,200,0
92.32958984375,125.673828125,168.07763671875,36.69677884455456,49.96653722619478,76.29513794536584,248,241,255,0
213.43896484375,181.792724609375,184.781982421875,35.16799366776489,43.45308011727208,43.79841715506114,226,234,244,0
115.49951171875,114.461669921875,37.386474609375,86.49995483965053,66.40383448212995,71.57699636657495,254,240,255,0
201.97705078125,177.36865234375,198.40380859375,54.00491840207342,65.4143071194536,56.65356985823677,241,233,211,0
128.0419921875,128.0419921875,127.85546875,73.18726778848688,73.18726778848688,73.11403235976849,255,255,255,0
128.0419921875,128.0419921875,127.674072265625,73.18726778848688,73.18726778848688,73.08132023174657,255,255,255,1
126.671875,126.671875,126.465087890625,74.83278070711641,74.83278070711641,74.69574844549132,255,255,255,1
127.9072265625,127.9072265625,127.6884765625,73.93106207788641,73.93106207788641,73.85666693009432,255,255,255,1
128.824951171875,128.824951171875,128.520263671875,73.29817150378581,73.29817150378581,73.21392549412033,255,255,255,1
128.72509765625,128.72509765625,128.415283203125,73.96210637009604,73.96210637009604,73.8802322783424,255,255,255,1
127.572998046875,127.572998046875,127.318359375,73.7097284340161,73.7097284340161,73.590208346599,255,255,255,1
125.805908203125,125.805908203125,125.6630859375,73.64553429063103,73.64553429063103,73.52008165721281,255,255,255,1
126.84619140625,126.84619140625,126.332763671875,73.2368920595453,73.2368920595453,73.14493492147494,255,255,255,1
127.00537109375,127.00537109375,126.78271484375,73.5916166786007,73.5916166786007,73.5052224577759,255,255,255,1
128.28369140625,128.28369140625,127.940185546875,74.15781437750522,74.15781437750522,74.09829426678338,255,255,255,1
127.0078125,127.0078125,126.71240234375,73.74786435930598,73.74786435930598,73.65922182227504,255,255,255,1
126.91259765625,126.91259765625,126.520263671875,74.28814635562868,74.28814635562868,74.18161623367243,255,255,255,1
126.577392578125,126.577392578125,126.359375,74.51184146296045,74.51184146296045,74.44224408948271,255,255,255,1
127.10205078125,127.10205078125,126.8671875,73.0157492889842,73.0157492889842,72.89114541279925,255,255,255,1
126.750732421875,126.750732421875,126.5283203125,74.7237596635275,74.7237596635275,74.64281272117664,255,255,255,1
129.197509765625,129.197509765625,128.752685546875,74.09491843006582,74.09491843006582,74.05401202426106,255,255,255,1
128.863525390625,128.863525390625,128.596923828125,73.36079223653205,73.36079223653205,73.25184231571613,255,255,255,1
127.762451171875,127.762451171875,127.3154296875,73.77936363434311,73.77936363434311,73.69583959521388,255,255,255,1
127.522216796875,127.522216796875,127.14501953125,74.21424982783081,74.21424982783081,74.08564356619173,255,255,255,1
125.9677734375,125.9677734375,125.650146484375,73.20132192632295,73.20132192632295,73.19079515277676,255,255,255,1
127.575927734375,127.575927734375,127.32275390625,73.67762667512542,73.67762667512542,73.55793867173516,255,255,255,1
128.54833984375,128.54833984375,128.25634765625,73.54124724310844,73.54124724310844,73.3707889066581,255,255,255,1
128.3828125,128.3828125,128.2001953125,73.89837059939883,73.89837059939883,73.76433560327852,255,255,255,1
128.38037109375,128.38037109375,128.111083984375,74.57852827946553,74.57852827946553,74.52487927565895,255,255,255,1
127.9970703125,127.9970703125,127.748779296875,74.62402500940586,74.62402500940586,74.57396982894866,255,255,255,1
125.733154296875,125.733154296875,125.481689453125,73.99466721185114,73.99466721185114,73.90789610136473,255,255,255,1
126.982177734375,126.982177734375,126.705810546875,73.71995829303096,73.71995829303096,73.71284899434117,255,255,255,1
127.1064453125,127.1064453125,126.85791015625,73.62449196994807,73.62449196994807,73.5032041574638,255,255,255,1
127.28076171875,127.28076171875,126.9970703125,75.17971489858341,75.17971489858341,75.13147649918895,255,255,255,1
126.290771484375,126.290771484375,126.001708984375,74.14783567932545,74.14783567932545,74.10739176801123,255,255,255,1
126.21533203125,126.21533203125,125.94287109375,75.17956381697135,75.17956381697135,75.1316303097891,255,255,255,1
128.0048828125,128.0048828125,127.638427734375,74.62963223417454,74.62963223417454,74.4816192055537,255,255,255,1
127.72802734375,127.72802734375,127.3125,73.99992250586654,73.99992250586654,73.8770753727095,255,255,255,1
126.770263671875,126.770263671875,126.467041015625,73.40802070906601,73.40802070906601,73.3136115087461,255,255,255,1
126.694580078125,126.694580078125,126.345458984375,73.82780079240608,73.82780079240608,73.81992873738933,255,255,255,1
127.4189453125,127.4189453125,127.149169921875,75.07385863568047,75.07385863568047,75.09018642901204,255,255,255,1
127.10400390625,127.10400390625,126.906005859375,73.5177548415176,73.5177548415176,73.45192480050065,255,255,255,1
126.730224609375,126.730224609375,126.400390625,74.17128564219942,74.17128564219942,74.05935739537686,255,255,255,1
125.989013671875,125.989013671875,125.75390625,73.5699279809945,73.5699279809945,73.54121654974311,255,255,255,1
129.817138671875,129.817138671875,129.498779296875,73.59841419147767,73.59841419147767,73.55556665017701,255,255,255,1
126.27392578125,126.27392578125,126.1357421875,73.88686429038904,73.88686429038904,73.73869505407106,255,255,255,1
125.614013671875,125.614013671875,125.359375,73.64067432435098,73.64067432435098,73.56074266433235,255,255,255,1
126.809814453125,126.809814453125,126.534423828125,73.94262920293093,73.94262920293093,73.80378591237753,255,255,255,1
127.0986328125,127.0986328125,126.83837890625,73.2035604848702,73.2035604848702,73.12881434836103,255,255,255,1
127.43603515625,127.43603515625,127.061767578125,73.73699110838137,73.73699110838137,73.63590448216765,255,255,255,1
127.522216796875,127.522216796875,127.291748046875,72.72417520163214,72.72417520163214,72.6682691017821,255,255,255,1
126.89599609375,126.89599609375,126.557373046875,73.37955442360109,73.37955442360109,73.32950256625735,255,255,255,1
126.37548828125,126.37548828125,126.08935546875,73.81427697344968,73.81427697344968,73.71838453686573,255,255,255,1
128.545654296875,128.545654296875,128.28369140625,74.14461011195573,74.14461011195573,74.06653198180013,255,255,255,1
123.799072265625,123.799072265625,123.51611328125,73.08406245335698,73.08406245335698,72.96602466893182,255,255,255,1
128.25732421875,128.25732421875,127.74169921875,73.5638752730166,73.5638752730166,73.53019535104374,255,255,255,1
128.02783203125,128.02783203125,127.65771484375,73.62924904697715,73.62924904697715,73.50522162742462,255,255,255,1
127.070556640625,127.070556640625,126.70849609375,73.46208466337305,73.46208466337305,73.37440099098009,255,255,255,1
128.078857421875,128.078857421875,127.813232421875,73.8466751315954,73.8466751315954,73.78946924980987,255,255,255,1
127.533935546875,127.533935546875,127.2275390625,74.44485506759287,74.44485506759287,74.42453696555684,255,255,255,1
130.056640625,130.056640625,129.767822265625,73.40412615890267,73.40412615890267,73.3359374150664,255,255,255,1
128.048828125,128.048828125,127.69921875,73.78437399804216,73.78437399804216,73.71488742646154,255,255,255,1
125.836181640625,125.836181640625,125.721435546875,74.26503010669461,74.26503010669461,74.1267705672929,255,255,255,1
125.81787109375,125.81787109375,125.5439453125,73.63560402837753,73.63560402837753,73.51061534778164,255,255,255,1
128.147705078125,128.147705078125,127.780029296875,73.72686613868632,73.72686613868632,73.65800805071463,255,255,255,1
126.495849609375,126.495849609375,126.16845703125,74.11015069408008,74.11015069408008,74.03839890795601,255,255,255,1
126.281982421875,126.281982421875,125.9189453125,73.79964779868959,73.79964779868959,73.71811593928344,255,255,255,1
128.980224609375,128.980224609375,128.555908203125,74.7587091860761,74.7587091860761,74.65791646878664,255,255,255,1
127.7646484375,127.7646484375,127.44873046875,73.87185893989523,73.87185893989523,73.87421219142655,255,255,255,1
127.404541015625,127.404541015625,127.087890625,73.79777761784092,73.79777761784092,73.6798036550335,255,255,255,1
128.894775390625,128.894775390625,128.53857421875,74.044637297695,74.044637297695,73.97528802642236,255,255,255,1
126.89501953125,126.89501953125,126.53662109375,74.85564698371914,74.85564698371914,74.73424352322864,255,255,255,1
127.1064453125,127.1064453125,126.80224609375,73.91118441152325,73.91118441152325,73.82185955447115,255,255,255,1
128.794189453125,128.794189453125,128.487060546875,73.50448657269617,73.50448657269617,73.38035228930019,255,255,255,1
126.323974609375,126.323974609375,126.050537109375,74.27800116096357,74.27800116096357,74.13226958124378,255,255,255,1
126.62841796875,126.62841796875,126.365966796875,74.27849971925963,74.27849971925963,74.18576309007484,255,255,255,1
128.53466796875,128.53466796875,128.270751953125,74.55913569845545,74.55913569845545,74.52176095268585,255,255,255,1
127.70556640625,127.70556640625,127.336669921875,73.92918333582904,73.92918333582904,73.86035627815222,255,255,255,1
126.327392578125,126.327392578125,125.955322265625,72.88503958797315,72.88503958797315,72.84363072433428,255,255,255,1
126.814453125,126.814453125,126.3935546875,73.75814471772543,73.75814471772543,73.61475547798109,255,255,255,1
127.591064453125,127.591064453125,127.18408203125,75.19639006201778,75.19639006201778,75.10159005406956,255,255,255,1
127.867919921875,127.867919921875,127.58056640625,73.97351844955116,73.97351844955116,73.91605612317383,255,255,255,1
128.831787109375,128.831787109375,128.370849609375,73.09433969493844,73.09433969493844,73.04015122705012,255,255,255,1
128.21923828125,128.21923828125,127.888427734375,73.24850535088436,73.24850535088436,73.19290719023031,255,255,255,1
128.350830078125,128.350830078125,127.98046875,73.0383314809553,73.0383314809553,72.95572092842701,255,255,255,1
126.77294921875,126.77294921875,126.402587890625,73.45176863173707,73.45176863173707,73.33654818672234,255,255,255,1
127.216064453125,127.216064453125,126.932861328125,74.30477873141115,74.30477873141115,74.17340150246322,255,255,255,1
127.784423828125,127.784423828125,127.3291015625,73.27066928919098,73.27066928919098,73.20811644384324,255,255,255,1
128.303955078125,128.303955078125,128.0888671875,73.29887277429549,73.29887277429549,73.23816972704012,255,255,255,1
125.14404296875,125.14404296875,124.75927734375,73.67900617436356,73.67900617436356,73.53692844803567,255,255,255,1
127.140380859375,127.140380859375,126.91064453125,73.30688231255095,73.30688231255095,73.23691238653296,255,255,255,1
126.689453125,126.689453125,126.51318359375,73.03921414436171,73.03921414436171,72.95941336159342,255,255,255,1
126.537353515625,126.537353515625,126.24658203125,73.64381637756405,73.64381637756405,73.62461360545035,255,255,255,1
126.42529296875,126.42529296875,126.259521484375,73.97029324087293,73.97029324087293,73.83581991754424,255,255,255,1
127.669677734375,127.669677734375,127.388671875,73.5501962316652,73.5501962316652,73.46300626602708,255,255,255,1
128.892822265625,128.892822265625,128.4296875,73.71542480872053,73.71542480872053,73.62700905511743,255,255,255,1
126.9755859375,126.9755859375,126.667236328125,74.24656314152563,74.24656314152563,74.14822873797664,255,255,255,1
126.427978515625,126.427978515625,125.999755859375,74.35133019110712,74.35133019110712,74.2633698107184,255,255,255,1
128.823974609375,128.823974609375,128.524658203125,73.86316147095066,73.86316147095066,73.74497385799773,255,255,255,1
127.204833984375,127.204833984375,127.0576171875,73.57514219421,73.57514219421,73.43133352159488,255,255,255,1
125.786865234375,125.786865234375,125.56591796875,72.77970850488518,72.77970850488518,72.66635380376461,255,255,255,1
125.353271484375,125.353271484375,125.136962890625,73.39479778456,73.39479778456,73.30109366826301,255,255,255,1
128.23046875,128.23046875,127.875,73.82924840001775,73.82924840001775,73.64874537500621,255,255,255,1
128.269287109375,128.269287109375,128.02392578125,73.92919830084627,73.92919830084627,73.80555649640813,255,255,255,1
127.919921875,127.919921875,127.54736328125,73.58793722793598,73.58793722793598,73.4190116546429,255,255,255,1
127.99853515625,127.99853515625,127.57568359375,74.66714875581485,74.66714875581485,74.58353207222515,255,255,255,1
126.88232421875,126.88232421875,126.632080078125,74.11930060870115,74.11930060870115,73.98476363526116,255,255,255,1
127.844970703125,127.844970703125,127.546630859375,74.35267613434627,74.35267613434627,74.19150008550814,255,255,255,1
125.970703125,125.970703125,125.72314453125,73.33068109686842,73.33068109686842,73.16659148041491,255,255,255,1
125.2451171875,125.2451171875,125.148681640625,73.73864766695883,73.73864766695883,73.626373562767,255,255,255,1
128.91796875,128.91796875,128.50341796875,74.17955616019837,74.17955616019837,74.1019343067709,255,255,255,1
127.854736328125,127.854736328125,127.75439453125,74.36763777918631,74.36763777918631,74.33395158096481,255,255,255,1
129.912353515625,129.912353515625,129.504638671875,73.3332663452229,73.3332663452229,73.24373692005327,255,255,255,1
127.694580078125,127.694580078125,127.377685546875,73.61742075482675,73.61742075482675,73.59040053494279,255,255,255,1
127.482177734375,127.482177734375,127.18115234375,73.98574724666973,73.98574724666973,73.91076820385919,255,255,255,1
127.636474609375,127.636474609375,127.2109375,73.80930433171008,73.80930433171008,73.68865587979668,255,255,255,1
127.91552734375,127.91552734375,127.611328125,73.82236381698026,73.82236381698026,73.80245624269449,255,255,255,1
127.730224609375,127.730224609375,127.388671875,74.71350700804867,74.71350700804867,74.65724942163912,255,255,255,1
128.63232421875,128.63232421875,128.26318359375,74.91329669391898,74.91329669391898,74.792888328719,255,255,255,1
127.455078125,127.455078125,127.110595703125,74.52983773291001,74.52983773291001,74.42814359908539,255,255,255,1
127.5673828125,127.5673828125,127.166015625,74.42395874540557,74.42395874540557,74.31829362234615,255,255,255,1
127.77392578125,127.77392578125,127.582763671875,73.71309102788403,73.71309102788403,73.6281201971663,255,255,255,1
126.415283203125,126.415283203125,126.253173828125,74.90042967856111,74.90042967856111,74.83608138352032,255,255,255,1
128.390625,128.390625,127.961181640625,74.69281002305794,74.69281002305794,74.65314787251506,255,255,255,1
126.498779296875,126.498779296875,126.251953125,73.24029371534418,73.24029371534418,73.1872030849933,255,255,255,1
126.22119140625,126.22119140625,125.86279296875,74.37029856560213,74.37029856560213,74.26308361691612,255,255,255,1
126.9990234375,126.9990234375,126.624267578125,74.54568124845547,74.54568124845547,74.38955140576046,255,255,255,1
126.769775390625,126.769775390625,126.46435546875,73.06699405118643,73.06699405118643,73.05287708612948,255,255,255,1
126.66162109375,126.66162109375,126.3779296875,73.6907584608023,73.6907584608023,73.63586733524504,255,255,255,1
128.80810546875,128.80810546875,128.579345703125,73.84723656552002,73.84723656552002,73.74811672093325,255,255,255,1
128.28662109375,128.28662109375,128.008544921875,74.18224349999377,74.18224349999377,74.11898673459072,255,255,255,1
126.0986328125,126.0986328125,125.875244140625,74.23931319140014,74.23931319140014,74.15657140442731,255,255,255,1
126.880615234375,126.880615234375,126.623046875,73.83204622663598,73.83204622663598,73.71630252463869,255,255,255,1
125.778076171875,125.778076171875,125.49560546875,73.24236586851653,73.24236586851653,73.18071782345979,255,255,255,1
129.01806640625,129.01806640625,128.580078125,73.35312084477023,73.35312084477023,73.29394835071751,255,255,255,1
128.6689453125,128.6689453125,128.554443359375,73.46923032901348,73.46923032901348,73.3577190626649,255,255,255,1
128.331298828125,128.331298828125,128.04541015625,74.14077388599749,74.14077388599749,74.02636835179212,255,255,255,1
127.04736328125,127.04736328125,126.641845703125,73.41615183642895,73.41615183642895,73.29934076346802,255,255,255,1
128.054931640625,128.054931640625,127.632568359375,73.62359174756237,73.62359174756237,73.51852912598866,255,255,255,1
128.295166015625,128.295166015625,127.762939453125,73.76510727201138,73.76510727201138,73.64427805993478,255,255,255,1
127.720458984375,127.720458984375,127.461181640625,74.25763935989993,74.25763935989993,74.22131546204382,255,255,255,1
125.61279296875,125.61279296875,125.27001953125,73.24029354159293,73.24029354159293,73.1324504724749,255,255,255,1
127.0400390625,127.0400390625,126.660400390625,73.81855499084206,73.81855499084206,73.68786547192447,255,255,255,1
125.554443359375,125.554443359375,125.093505859375,74.26189840996437,74.26189840996437,74.16159507715997,255,255,255,1
127.87841796875,127.87841796875,127.531494140625,73.94547626459091,73.94547626459091,73.89206050568191,255,255,255,1
126.900634765625,126.900634765625,126.490478515625,73.28401606978034,73.28401606978034,73.1985534669493,255,255,255,1
126.0791015625,126.0791015625,125.617431640625,73.6176155091654,73.6176155091654,73.49866056154377,255,255,255,1
126.0419921875,126.0419921875,125.876220703125,74.0018026222584,74.0018026222584,73.92349865431858,255,255,255,1
128.229248046875,128.229248046875,127.917724609375,73.38031306640514,73.38031306640514,73.34779972774045,255,255,255,1
131.236572265625,131.236572265625,130.830810546875,74.608031338481,74.608031338481,74.51706126687247,255,255,255,1
125.794921875,125.794921875,125.43603515625,74.82817513828027,74.82817513828027,74.71448460158187,255,255,255,1
127.6865234375,127.6865234375,127.306884765625,73.53394182030678,73.53394182030678,73.48603656333292,255,255,255,1
127.307373046875,127.307373046875,126.742919921875,73.49990702277745,73.49990702277745,73.37877355121375,255,255,255,1
130.106201171875,130.106201171875,129.8046875,73.62672231526552,73.62672231526552,73.57783093153701,255,255,255,1
127.693603515625,127.693603515625,127.4658203125,73.81292415007678,73.81292415007678,73.75589094395418,255,255,255,1
128.410888671875,128.410888671875,128.109375,73.14546567638318,73.14546567638318,73.05899632050371,255,255,255,1
128.904052734375,128.904052734375,128.603271484375,74.24255751828997,74.24255751828997,74.10878748080766,255,255,255,1
126.286865234375,126.286865234375,126.06103515625,73.69719033066445,73.69719033066445,73.64003113026196,255,255,255,1
126.822509765625,126.822509765625,126.716064453125,74.33999958455964,74.33999958455964,74.25926325673684,255,255,255,1
126.148681640625,126.148681640625,125.791015625,75.46765729812087,75.46765729812087,75.34206355267126,255,255,255,1
124.982421875,124.982421875,124.679443359375,73.56368934622755,73.56368934622755,73.44559481505358,255,255,255,1
127.350830078125,127.350830078125,127.040771484375,74.07004651884024,74.07004651884024,73.9451638290273,255,255,255,1
126.618896484375,126.618896484375,126.4150390625,73.91340163834299,73.91340163834299,73.80172714833034,255,255,255,1
127.883056640625,127.883056640625,127.520263671875,73.57713285082242,73.57713285082242,73.49588157791463,255,255,255,1
129.9765625,129.9765625,129.540771484375,73.85497651582014,73.85497651582014,73.68748872051525,255,255,255,1
127.098876953125,127.098876953125,126.831787109375,73.84299776587666,73.84299776587666,73.74622789167967,255,255,255,1
127.77392578125,127.77392578125,127.513427734375,73.99094752892996,73.99094752892996,73.87642643087136,255,255,255,1
129.0751953125,129.0751953125,128.650146484375,74.11958645098458,74.11958645098458,73.99110426747752,255,255,255,1
126.521484375,126.521484375,126.151123046875,74.70255161712437,74.70255161712437,74.57755285835228,255,255,255,1
130.969482421875,130.969482421875,130.60888671875,74.67066557352392,74.67066557352392,74.6243316757844,255,255,255,1
127.41162109375,127.41162109375,127.127685546875,74.38822756395282,74.38822756395282,74.3471688678644,255,255,255,1
128.439208984375,128.439208984375,128.088623046875,74.43458232998906,74.43458232998906,74.29790652187778,255,255,255,1
126.89599609375,126.89599609375,126.633544921875,73.727568248968,73.727568248968,73.58861936555708,255,255,255,1
126.18603515625,126.18603515625,125.822265625,74.40691319201724,74.40691319201724,74.32159422081305,255,255,255,1
126.531982421875,126.531982421875,126.328857421875,74.17924904475268,74.17924904475268,74.09446506444799,255,255,255,1
128.50634765625,128.50634765625,128.23486328125,73.91600397275958,73.91600397275958,73.84650740316275,255,255,255,1
128.36279296875,128.36279296875,128.05810546875,74.26208091961756,74.26208091961756,74.12669319000916,255,255,255,1
129.17822265625,129.17822265625,128.9619140625,72.8995688803082,72.8995688803082,72.82103634677011,255,255,255,1
125.961669921875,125.961669921875,125.633544921875,74.29595488089836,74.29595488089836,74.20871141144812,255,255,255,1
126.642333984375,126.642333984375,126.4228515625,74.48270008619882,74.48270008619882,74.4030501547977,255,255,255,1
126.60791015625,126.60791015625,126.3271484375,73.7147530704806,73.7147530704806,73.61661604212456,255,255,255,1
127.846435546875,127.846435546875,127.412841796875,74.68945540059093,74.68945540059093,74.57404249203525,255,255,255,1
126.93017578125,126.93017578125,126.576416015625,73.30249230745655,73.30249230745655,73.24631043693468,255,255,255,1
127.702880859375,127.702880859375,127.3427734375,73.83766209234383,73.83766209234383,73.76246376754267,255,255,255,1
127.404541015625,127.404541015625,127.095458984375,74.0483779315999,74.0483779315999,73.91987796449226,255,255,255,1
129.384033203125,129.384033203125,129.063232421875,73.87412243651035,73.87412243651035,73.8058690375989,255,255,255,1
129.15771484375,129.15771484375,128.8330078125,74.31706993578636,74.31706993578636,74.29330429337534,255,255,255,1
126.545166015625,126.545166015625,126.25439453125,74.26926183152612,74.26926183152612,74.16250981154474,255,255,255,1
128.680908203125,128.680908203125,128.423583984375,73.05830616943594,73.05830616943594,72.93150160402263,255,255,255,1
127.369384765625,127.369384765625,126.885498046875,73.71695519098235,73.71695519098235,73.54503977584658,255,255,255,1
127.841796875,127.841796875,127.578857421875,74.39894487904375,74.39894487904375,74.31777034154257,255,255,255,1
125.996337890625,125.996337890625,125.748291015625,74.13071579108305,74.13071579108305,73.99484562925015,255,255,255,1
126.51171875,126.51171875,126.221435546875,73.99320901176269,73.99320901176269,73.9233003554306,255,255,255,1
128.642578125,128.642578125,128.40283203125,74.17648259331101,74.17648259331101,74.06434485958543,255,255,255,1
127.834228515625,127.834228515625,127.46044921875,73.69620396465034,73.69620396465034,73.66836980124647,255,255,255,1
126.59423828125,126.59423828125,126.234375,73.59259490870224,73.59259490870224,73.48239817668497,255,255,255,1
125.864013671875,125.864013671875,125.47216796875,73.27611465151307,73.27611465151307,73.16292891064631,255,255,255,1
127.330078125,127.330078125,127.14208984375,74.40559004323127,74.40559004323127,74.34123002985156,255,255,255,1
127.825439453125,127.825439453125,127.48486328125,73.45288434138308,73.45288434138308,73.32180557803726,255,255,255,1
126.748291015625,126.748291015625,126.50244140625,73.7234285554993,73.7234285554993,73.67547210131765,255,255,255,1
128.86328125,128.86328125,128.402099609375,73.7612965353589,73.7612965353589,73.69658874640851,255,255,255,1
128.597900390625,128.597900390625,128.220703125,74.25622202390528,74.25622202390528,74.13836845284204,255,255,255,1
126.093017578125,126.093017578125,125.67578125,73.16709452190264,73.16709452190264,73.06139300497321,255,255,255,1
125.9501953125,125.9501953125,125.590087890625,73.91794939085739,73.91794939085739,73.84366198545385,255,255,255,1
128.715576171875,128.715576171875,128.372802734375,73.48375811430455,73.48375811430455,73.4264814377236,255,255,255,1
127.476318359375,127.476318359375,127.25732421875,73.13288169142795,73.13288169142795,73.10523367376952,255,255,255,1
128.15869140625,128.15869140625,127.998291015625,72.67003036418336,72.67003036418336,72.62066835060627,255,255,255,1
127.485595703125,127.485595703125,127.154296875,74.38653920160039,74.38653920160039,74.34581636665486,255,255,255,1
126.96044921875,126.96044921875,126.65673828125,74.14216705583742,74.14216705583742,74.05462341756551,255,255,255,1
128.806884765625,128.806884765625,128.42138671875,73.69806872272419,73.69806872272419,73.55772188464145,255,255,255,1
126.970703125,126.970703125,126.641845703125,74.13058659052696,74.13058659052696,73.97895734461594,255,255,255,1
125.54052734375,125.54052734375,125.275390625,73.35273577594539,73.35273577594539,73.3255585652773,255,255,255,1
127.242919921875,127.242919921875,127.058837890625,74.0394236443223,74.0394236443223,73.96884376985693,255,255,255,1
127.24853515625,127.24853515625,126.984130859375,74.29457473964608,74.29457473964608,74.21538474032693,255,255,255,1
127.02392578125,127.02392578125,126.7294921875,73.9532383253566,73.9532383253566,73.80501172150085,255,255,255,1
128.61572265625,128.61572265625,128.226806640625,73.7154168575718,73.7154168575718,73.60108823656851,255,255,255,1
128.88916015625,128.88916015625,128.4306640625,73.36578892140592,73.36578892140592,73.3068523849597,255,255,255,1
126.95361328125,126.95361328125,126.587158203125,72.88543019156725,72.88543019156725,72.81335649395912,255,255,255,1
126.470703125,126.470703125,126.309814453125,73.75853447105708,73.75853447105708,73.64759482826992,255,255,255,1
126.83984375,126.83984375,126.513671875,73.96973841739666,73.96973841739666,73.88574509812318,255,255,255,1
127.172607421875,127.172607421875,126.792236328125,72.86124804341152,72.86124804341152,72.74829887051328,255,255,255,1
128.02001953125,128.02001953125,127.84375,74.37822727766755,74.37822727766755,74.29137565083683,255,255,255,1
127.04443359375,127.04443359375,126.686767578125,74.26569553615079,74.26569553615079,74.21972881394483,255,255,255,1
124.78857421875,124.78857421875,124.41943359375,74.35522469715241,74.35522469715241,74.20942608058921,255,255,255,1
127.267578125,127.267578125,126.87841796875,73.13792743365627,73.13792743365627,73.01923015011818,255,255,255,1
127.517822265625,127.517822265625,127.27880859375,73.25509377782612,73.25509377782612,73.18982770200584,255,255,255,1
129.291259765625,129.291259765625,128.9638671875,73.21552810996315,73.21552810996315,73.11107748796424,255,255,255,1
129.552001953125,129.552001953125,129.3291015625,73.70580131413925,73.70580131413925,73.63098907074765,255,255,255,1
125.92529296875,125.92529296875,125.695556640625,73.6245276997804,73.6245276997804,73.53502726023027,255,255,255,1
125.25244140625,125.25244140625,125.091552734375,73.96790995441138,73.96790995441138,73.88930280675751,255,255,255,1
126.006591796875,126.006591796875,125.752197265625,73.84776825652952,73.84776825652952,73.84165960631039,255,255,255,1
127.919921875,127.919921875,127.66943359375,73.49522620547471,73.49522620547471,73.46430762882278,255,255,255,1
124.805908203125,124.805908203125,124.41552734375,74.36770364850935,74.36770364850935,74.22705343758835,255,255,255,1
127.703125,127.703125,127.33984375,74.62287508752343,74.62287508752343,74.54131374911725,255,255,255,1
129.110595703125,129.110595703125,128.578857421875,74.23424657321966,74.23424657321966,74.15108844936644,255,255,255,1
126.910888671875,126.910888671875,126.50732421875,74.06489064305755,74.06489064305755,73.97312279182601,255,255,255,1
126.9052734375,126.9052734375,126.703857421875,74.03981925607401,74.03981925607401,73.91387675211297,255,255,255,1
129.34521484375,129.34521484375,128.99267578125,72.81439084557155,72.81439084557155,72.74007895913242,255,255,255,1
128.262451171875,128.262451171875,127.915283203125,74.15182980562925,74.15182980562925,74.12912944875282,255,255,255,1
126.9638671875,126.9638671875,126.76123046875,74.38782165668054,74.38782165668054,74.29728490192927,255,255,255,1
127.210693359375,127.210693359375,126.92138671875,74.32643039183768,74.32643039183768,74.25622193280009,255,255,255,1
126.467529296875,126.467529296875,126.210205078125,74.493943233433,74.493943233433,74.464215814524,255,255,255,1
126.96875,126.96875,126.691650390625,73.17734504698159,73.17734504698159,73.11171679976489,255,255,255,1
128.625244140625,128.625244140625,128.33203125,73.67814917238177,73.67814917238177,73.63402964428386,255,255,255,1
127.17724609375,127.17724609375,126.8232421875,73.3070672128786,73.3070672128786,73.28155987964824,255,255,255,1
128.046875,128.046875,127.676513671875,72.92930043081536,72.92930043081536,72.7806367725468,255,255,255,1
128.072265625,128.072265625,127.71337890625,74.21913258022282,74.21913258022282,74.15427381419845,255,255,255,1
127.70947265625,127.70947265625,127.283447265625,73.64924969462542,73.64924969462542,73.55022916607388,255,255,255,1
127.515869140625,127.515869140625,127.327392578125,73.86885775892218,73.86885775892218,73.77732539089611,255,255,255,1
128.303466796875,128.303466796875,127.98486328125,74.1352915474477,74.1352915474477,74.05577676090499,255,255,255,1
128.1328125,128.1328125,127.852783203125,73.61014571542495,73.61014571542495,73.5355864708057,255,255,255,1
124.6728515625,124.6728515625,124.42333984375,74.12151792301842,74.12151792301842,74.01211354464513,255,255,255,1
129.93798828125,129.93798828125,129.48779296875,74.31377181848926,74.31377181848926,74.20214845517202,255,255,255,1
127.46923828125,127.46923828125,127.135009765625,74.35269512577644,74.35269512577644,74.26396376021691,255,255,255,1
127.5263671875,127.5263671875,127.21337890625,74.1171329884506,74.1171329884506,74.00186320968457,255,255,255,1
125.629638671875,125.629638671875,125.43310546875,74.57573875599392,74.57573875599392,74.48411060187897,255,255,255,1
124.863037109375,124.863037109375,124.637451171875,73.87929305521587,73.87929305521587,73.82675861002465,255,255,255,1
127.7646484375,127.7646484375,127.337890625,74.9463237629407,74.9463237629407,74.90814094559774,255,255,255,1
127.748046875,127.748046875,127.4052734375,73.89727083465466,73.89727083465466,73.85944151628217,255,255,255,1
127.04248046875,127.04248046875,126.752197265625,73.764111812612,73.764111812612,73.62194503726766,255,255,255,1
126.53759765625,126.53759765625,126.271484375,73.77732579363388,73.77732579363388,73.76833079489721,255,255,255,1
128.79541015625,128.79541015625,128.510498046875,73.37958246995267,73.37958246995267,73.28907798772619,255,255,255,1
129.162353515625,129.162353515625,128.838134765625,73.70703368854352,73.70703368854352,73.57710746560561,255,255,255,1
126.464111328125,126.464111328125,126.065185546875,74.38298395363674,74.38298395363674,74.32346822221669,255,255,255,1
126.749755859375,126.749755859375,126.372802734375,74.40718595155617,74.40718595155617,74.34230132413254,255,255,255,1
130.029052734375,130.029052734375,129.857421875,73.40149972444705,73.40149972444705,73.36095867296018,255,255,255,1
126.64990234375,126.64990234375,126.204833984375,74.1427043964869,74.1427043964869,74.07821751781674,255,255,255,1
127.33740234375,127.33740234375,126.962890625,73.61851645031929,73.61851645031929,73.48789553976245,255,255,255,1
128.943359375,128.943359375,128.810302734375,73.90802201128677,73.90802201128677,73.82044703002711,255,255,255,1
126.7900390625,126.7900390625,126.4140625,74.61999013751928,74.61999013751928,74.54300508386815,255,255,255,1
127.771728515625,127.771728515625,127.23095703125,73.54147487571245,73.54147487571245,73.48450542635479,255,255,255,1
127.310302734375,127.310302734375,126.90234375,73.86669892624087,73.86669892624087,73.76157042695462,255,255,255,1
127.3984375,127.3984375,127.017822265625,72.87792753486713,72.87792753486713,72.83340918090903,255,255,255,1
125.7783203125,125.7783203125,125.492919921875,74.17751603727305,74.17751603727305,74.1205234780067,255,255,255,1
127.68798828125,127.68798828125,127.341064453125,74.36965456273892,74.36965456273892,74.36238163205869,255,255,255,1
127.2099609375,127.2099609375,126.804443359375,73.81768185662548,73.81768185662548,73.783100290376,255,255,255,1
130.186279296875,130.186279296875,129.87744140625,73.9939636554593,73.9939636554593,73.94617129319373,255,255,255,1
126.108642578125,126.108642578125,125.98828125,73.62691439251066,73.62691439251066,73.52597967310363,255,255,255,1
127.362060546875,127.362060546875,127.127685546875,73.4275526245157,73.4275526245157,73.35888448394812,255,255,255,1
129.339111328125,129.339111328125,129.06689453125,73.56878553217399,73.56878553217399,73.49680064335583,255,255,255,1
124.897216796875,124.897216796875,124.56396484375,74.57138877279797,74.57138877279797,74.51283387715847,255,255,255,1
127.366455078125,127.366455078125,126.9736328125,74.55956771877162,74.55956771877162,74.43646218371526,255,255,255,1
127.59375,127.59375,127.3388671875,74.46696651242415,74.46696651242415,74.34151303043431,255,255,255,1
128.841552734375,128.841552734375,128.406982421875,74.46631763974496,74.46631763974496,74.35385820885598,255,255,255,1
127.6630859375,127.6630859375,127.434814453125,73.55024765642017,73.55024765642017,73.50053244960698,255,255,255,1
126.636474609375,126.636474609375,126.444091796875,73.68574350955546,73.68574350955546,73.67147103054258,255,255,255,1
128.01611328125,128.01611328125,127.562255859375,74.60845538785914,74.60845538785914,74.59299415194246,255,255,255,1
125.154052734375,125.154052734375,124.77099609375,74.23728024059513,74.23728024059513,74.18273006585443,255,255,255,1
128.127685546875,128.127685546875,127.888427734375,74.1101379962485,74.1101379962485,74.02729254716748,255,255,255,1
127.493896484375,127.493896484375,127.024658203125,74.04889090322081,74.04889090322081,73.9729424732104,255,255,255,1
126.815673828125,126.815673828125,126.46044921875,74.87588335791429,74.87588335791429,74.77774619738618,255,255,255,1
126.794921875,126.794921875,126.353759765625,74.16628365007004,74.16628365007004,74.13731783011744,255,255,255,1
126.846923828125,126.846923828125,126.563232421875,73.87637976787627,73.87637976787627,73.83140307339299,255,255,255,1
127.3662109375,127.3662109375,127.150634765625,74.37251946295758,74.37251946295758,74.33221270940857,255,255,255,1
128.17333984375,128.17333984375,127.8603515625,73.88608493517957,73.88608493517957,73.86043790403902,255,255,255,1
127.0185546875,127.0185546875,126.759033203125,73.63445429178226,73.63445429178226,73.56269442573918,255,255,255,1
128.030029296875,128.030029296875,127.8115234375,73.25490482324855,73.25490482324855,73.16507398208614,255,255,255,1
127.4375,127.4375,127.18408203125,74.20403472541942,74.20403472541942,74.08229429930961,255,255,255,1
126.399169921875,126.399169921875,125.9794921875,73.61402712489887,73.61402712489887,73.5211230631094,255,255,255,1
127.821044921875,127.821044921875,127.614501953125,74.32814277959855,74.32814277959855,74.23040089240041,255,255,255,1
128.209716796875,128.209716796875,127.9130859375,74.04253893269384,74.04253893269384,73.9176145110774,255,255,255,1
126.7626953125,126.7626953125,126.54541015625,73.87114874003781,73.87114874003781,73.77845312114479,255,255,255,1
128.469482421875,128.469482421875,128.18505859375,73.44535893005715,73.44535893005715,73.33075307854733,255,255,255,1
125.981689453125,125.981689453125,125.58984375,74.29394813291994,74.29394813291994,74.18593178612497,255,255,255,1
128.031982421875,128.031982421875,127.892822265625,74.20140062072828,74.20140062072828,74.12429507492891,255,255,255,1
126.75048828125,126.75048828125,126.334228515625,73.33838890288602,73.33838890288602,73.25276205523733,255,255,255,1
128.102783203125,128.102783203125,127.850830078125,74.40158684508201,74.40158684508201,74.21228566778908,255,255,255,1
127.95654296875,127.95654296875,127.56640625,74.83925199272227,74.83925199272227,74.65735521612194,255,255,255,1
127.58837890625,127.58837890625,127.221923828125,73.47948269189794,73.47948269189794,73.42671009703407,255,255,255,1
127.20751953125,127.20751953125,126.936767578125,74.41614803245261,74.41614803245261,74.30286782942129,255,255,255,1
127.485595703125,127.485595703125,127.22705078125,73.9778114666231,73.9778114666231,73.94207450116939,255,255,255,1
127.553955078125,127.553955078125,127.13134765625,73.25039674981832,73.25039674981832,73.14310228487507,255,255,255,1
128.604736328125,128.604736328125,128.239501953125,74.54601050790929,74.54601050790929,74.4677599870328,255,255,255,1
127.772705078125,127.772705078125,127.343994140625,74.10785035003286,74.10785035003286,74.04145981507145,255,255,255,1
126.051025390625,126.051025390625,125.826904296875,73.40471065810516,73.40471065810516,73.28146034609084,255,255,255,1
127.25,127.25,127.19482421875,73.19016861061327,73.19016861061327,73.08161194487495,255,255,255,1
126.9931640625,126.9931640625,126.607421875,74.15622993144244,74.15622993144244,74.00295063528394,255,255,255,1
124.95849609375,124.95849609375,124.73046875,74.217557464656,74.217557464656,74.08693300419294,255,255,255,1
128.739990234375,128.739990234375,128.34130859375,73.71000320618738,73.71000320618738,73.59280594303245,255,255,255,1
126.37841796875,126.37841796875,126.18115234375,74.15403009106907,74.15403009106907,74.11713699495114,255,255,255,1
128.380615234375,128.380615234375,128.017333984375,73.40462964641765,73.40462964641765,73.34466833629497,255,255,255,1
127.91064453125,127.91064453125,127.59619140625,73.65378273322223,73.65378273322223,73.57973277566563,255,255,255,1
126.67138671875,126.67138671875,126.330810546875,73.40159642038711,73.40159642038711,73.28759759240612,255,255,255,1
128.738037109375,128.738037109375,128.39208984375,73.8491717913753,73.8491717913753,73.77016458923741,255,255,255,1
127.68212890625,127.68212890625,127.17236328125,73.89249034809124,73.89249034809124,73.8028053664749,255,255,255,1
127.314208984375,127.314208984375,126.9111328125,73.95425339343075,73.95425339343075,73.81932595108808,255,255,255,1
127.457275390625,127.457275390625,127.0322265625,74.0687835599131,74.0687835599131,73.95803508501405,255,255,255,1
126.951416015625,126.951416015625,126.591552734375,73.555552274834,73.555552274834,73.40588027346193,255,255,255,1
127.139892578125,127.139892578125,126.873046875,73.50931468924337,73.50931468924337,73.45545987895694,255,255,255,1
127.50341796875,127.50341796875,127.255615234375,74.29290366645047,74.29290366645047,74.13988469541094,255,255,255,1
127.532470703125,127.532470703125,127.10400390625,74.59920853737952,74.59920853737952,74.48218657357768,255,255,255,1
126.459228515625,126.459228515625,125.947998046875,73.46690433793003,73.46690433793003,73.35197800097994,255,255,255,1
128.21826171875,128.21826171875,127.942138671875,73.97752719435057,73.97752719435057,73.91298411257715,255,255,255,1
128.504638671875,128.504638671875,128.2333984375,73.81621086384226,73.81621086384226,73.70594034646646,255,255,255,1
126.64990234375,126.64990234375,126.330322265625,74.05901554296808,74.05901554296808,74.0049487530071,255,255,255,1
128.093994140625,128.093994140625,127.81005859375,74.5988602084402,74.5988602084402,74.55559780760726,255,255,255,1
126.68603515625,126.68603515625,126.266357421875,73.51028016106413,73.51028016106413,73.4414001691276,255,255,255,1
127.279052734375,127.279052734375,127.06884765625,73.55373122839053,73.55373122839053,73.45319743295883,255,255,255,1
128.22314453125,128.22314453125,127.977294921875,73.39228336343967,73.39228336343967,73.31643759477681,255,255,255,1
126.5947265625,126.5947265625,126.14013671875,74.24275145807742,74.24275145807742,74.0947377779796,255,255,255,1
126.4638671875,126.4638671875,126.03955078125,73.59769205926985,73.59769205926985,73.49781365127096,255,255,255,1
127.8828125,127.8828125,127.67138671875,73.85387571750107,73.85387571750107,73.81299230910427,255,255,255,1
127.87890625,127.87890625,127.477294921875,74.00937232386491,74.00937232386491,73.97619227523087,255,255,255,1
128.015869140625,128.015869140625,127.855712890625,74.64457443318302,74.64457443318302,74.5703247386029,255,255,255,1
126.35498046875,126.35498046875,126.00439453125,73.8155096007391,73.8155096007391,73.75844747849628,255,255,255,1
126.62255859375,126.62255859375,126.19384765625,73.18562603611004,73.18562603611004,73.10065046815532,255,255,255,1
127.058349609375,127.058349609375,126.560302734375,73.3846968651841,73.3846968651841,73.31941487733809,255,255,255,1
127.79052734375,127.79052734375,127.605224609375,74.78271302969212,74.78271302969212,74.71318636521991,255,255,255,1
126.3603515625,126.3603515625,125.93017578125,74.09685075144998,74.09685075144998,74.02499055144132,255,255,255,1
128.756103515625,128.756103515625,128.401611328125,74.16659244179137,74.16659244179137,74.05381401690596,255,255,255,1
127.58935546875,127.58935546875,127.291748046875,74.32571124138472,74.32571124138472,74.3254272179045,255,255,255,1
126.608154296875,126.608154296875,126.31103515625,73.63011324237908,73.63011324237908,73.53447012248118,255,255,255,1
126.9306640625,126.9306640625,126.477294921875,73.87361909895691,73.87361909895691,73.82678717112562,255,255,255,1
127.849609375,127.849609375,127.61669921875,74.36286560574042,74.36286560574042,74.33160534501688,255,255,255,1
127.58984375,127.58984375,127.355224609375,73.40565289757551,73.40565289757551,73.31451495158561,255,255,255,1
128.367919921875,128.367919921875,128.068603515625,74.28965452670185,74.28965452670185,74.30134503248087,255,255,255,1
125.652099609375,125.652099609375,125.41455078125,73.52574691534134,73.52574691534134,73.36956314499402,255,255,255,1
126.283935546875,126.283935546875,126.00830078125,73.2541307478346,73.2541307478346,73.17571311364708,255,255,255,1
128.334716796875,128.334716796875,128.142333984375,74.17692917671751,74.17692917671751,74.03082791156173,255,255,255,1
127.8740234375,127.8740234375,127.612548828125,74.44861934834286,74.44861934834286,74.37117918722808,255,255,255,1
128.098388671875,128.098388671875,127.86669921875,74.6507417216408,74.6507417216408,74.57466178348024,255,255,255,1
127.80859375,127.80859375,127.37646484375,74.14667872002063,74.14667872002063,74.09164361200034,255,255,255,1
128.2041015625,128.2041015625,127.9755859375,73.97323102959905,73.97323102959905,73.86401667010163,255,255,255,1
126.632568359375,126.632568359375,126.331298828125,74.0632450110552,74.0632450110552,73.97211228147644,255,255,255,1
126.446044921875,126.446044921875,126.032958984375,73.4843269520756,73.4843269520756,73.42890333748676,255,255,255,1
129.020263671875,129.020263671875,128.69384765625,74.53891685886626,74.53891685886626,74.4522873197907,255,255,255,1
126.023193359375,126.023193359375,125.698486328125,74.4031472418335,74.4031472418335,74.2867429188415,255,255,255,1
128.0546875,128.0546875,127.86962890625,73.87644706638473,73.87644706638473,73.79960987322639,255,255,255,1
128.968505859375,128.968505859375,128.66064453125,73.61252238225832,73.61252238225832,73.56347953610936,255,255,255,1
129.218505859375,129.218505859375,128.849609375,73.84471777371787,73.84471777371787,73.77033180971983,255,255,255,1
126.448486328125,126.448486328125,126.154296875,74.74128412980915,74.74128412980915,74.61987080031442,255,255,255,1
128.362060546875,128.362060546875,128.019775390625,74.51772358947414,74.51772358947414,74.38793118644683,255,255,255,1
126.77001953125,126.77001953125,126.343994140625,74.01254472690925,74.01254472690925,73.85293781489393,255,255,255,1
127.3330078125,127.3330078125,126.91748046875,72.87756578041054,72.87756578041054,72.79040052971932,255,255,255,1
125.825439453125,125.825439453125,125.58544921875,74.87207219405043,74.87207219405043,74.72930330633201,255,255,255,1
128.51220703125,128.51220703125,128.23974609375,73.91463250171368,73.91463250171368,73.78152558672315,255,255,255,1
128.624755859375,128.624755859375,128.358642578125,73.96260115470048,73.96260115470048,73.95687377273008,255,255,255,1
126.98095703125,126.98095703125,126.55859375,73.49188231547475,73.49188231547475,73.35856452144807,255,255,255,1
128.2529296875,128.2529296875,128.013427734375,74.34112930970265,74.34112930970265,74.22702957350054,255,255,255,1
126.537841796875,126.537841796875,126.189208984375,73.47762556468064,73.47762556468064,73.39131254175018,255,255,255,1
127.83837890625,127.83837890625,127.593017578125,74.44157178009344,74.44157178009344,74.35246927691043,255,255,255,1
126.75048828125,126.75048828125,126.36865234375,73.19681469437182,73.19681469437182,73.1287314335101,255,255,255,1
127.71435546875,127.71435546875,127.364501953125,74.57891196797368,74.57891196797368,74.50913717854873,255,255,255,1
127.93115234375,127.93115234375,127.562744140625,73.36914136427848,73.36914136427848,73.32806985594137,255,255,255,1
126.406494140625,126.406494140625,126.203857421875,73.91859071660703,73.91859071660703,73.81262697625604,255,255,255,1
126.726806640625,126.726806640625,126.43798828125,73.65101158820914,73.65101158820914,73.59331251366687,255,255,255,1
127.590576171875,127.590576171875,127.2666015625,73.03476068704093,73.03476068704093,72.95029690233017,255,255,255,1
128.793701171875,128.793701171875,128.47509765625,74.56469813773566,74.56469813773566,74.44381903404255,255,255,255,1
129.2646484375,129.2646484375,128.878173828125,73.33070879126649,73.33070879126649,73.27502673591782,255,255,255,1
125.436279296875,125.436279296875,125.043212890625,73.61011191671116,73.61011191671116,73.53223502467614,255,255,255,1
127.0576171875,127.0576171875,126.736328125,74.44050818193482,74.44050818193482,74.30009889557573,255,255,255,1
125.63427734375,125.63427734375,125.349609375,74.34866614200254,74.34866614200254,74.23831215777277,255,255,255,1
128.879150390625,128.879150390625,128.56103515625,74.40096904073252,74.40096904073252,74.27156795140185,255,255,255,1
126.344482421875,126.344482421875,125.939208984375,73.37898755286076,73.37898755286076,73.25711533380593,255,255,255,1
127.29833984375,127.29833984375,126.875,74.21976879022954,74.21976879022954,74.08407518024707,255,255,255,1
129.30078125,129.30078125,129.054443359375,74.20526758708507,74.20526758708507,74.12561732183075,255,255,255,1
125.969482421875,125.969482421875,125.54150390625,74.38509842371354,74.38509842371354,74.29833717070669,255,255,255,1
125.4462890625,125.4462890625,125.01708984375,74.24172043154168,74.24172043154168,74.12160880290573,255,255,255,1
126.766845703125,126.766845703125,126.515625,73.36329418718685,73.36329418718685,73.26007323281983,255,255,255,1
127.208740234375,127.208740234375,127.048828125,73.74021473600025,73.74021473600025,73.63432439491422,255,255,255,1
127.714599609375,127.714599609375,127.4521484375,73.78414094383804,73.78414094383804,73.68705374701493,255,255,255,1
125.952392578125,125.952392578125,125.626708984375,72.6379676537106,72.6379676537106,72.61940974282136,255,255,255,1
129.03125,129.03125,128.717529296875,73.68951107836685,73.68951107836685,73.66981568800753,255,255,255,1
128.876953125,128.876953125,128.517822265625,74.34423928021627,74.34423928021627,74.33377057563976,255,255,255,1
129.756103515625,129.756103515625,129.49267578125,73.56630882273342,73.56630882273342,73.51014986963243,255,255,255,1
89.287353515625,53.361083984375,41.53515625,78.35230804516183,37.308249852118536,40.14553279134038,250,208,229,1
195.69482421875,193.5087890625,189.9892578125,45.716310945794156,38.93124098092534,40.695562299290174,206,223,236,1
102.00244140625,109.230712890625,92.7890625,73.98911840586449,69.82200964830305,75.48331211410138,225,214,235,1
146.873046875,93.45458984375,90.909912109375,59.21615261531521,53.2705532556938,53.92716477777075,234,229,249,1
157.01025390625,136.34033203125,149.354248046875,64.17704616319145,59.00236186254331,63.60664217079188,241,239,247,1
169.76806640625,159.539306640625,144.460693359375,33.583434692037386,43.161724828188376,43.483478565002166,197,229,217,1
164.784423828125,101.92041015625,79.116943359375,61.86362870225925,63.966135704912425,69.42540923392222,248,253,248,1
112.216552734375,87.4208984375,121.31640625,52.12692245247517,42.84319830942025,64.41171953649011,244,254,244,1
133.244140625,125.754150390625,105.819091796875,69.80868082690522,70.9605163470165,73.49018879002773,255,249,218,1
99.769775390625,68.13818359375,114.036865234375,58.633111566928314,41.12206661058839,92.36443485726186,253,210,241,1
165.16357421875,132.752685546875,94.13134765625,65.49759657832843,56.79505557277324,46.29916974295487,249,233,207,1
213.445068359375,152.759765625,108.927001953125,35.324312323223054,44.38652911788179,50.84569270063126,234,253,241,1
235.0859375,235.0859375,235.02099609375,22.512267434858572,22.512267434858572,22.544683248114115,248,248,248,1
182.926025390625,21.647216796875,54.260009765625,43.29283629241151,23.65162205118748,32.74197812060085,251,207,180,1
196.071533203125,152.384033203125,117.798828125,49.986438690136005,73.30259369973393,79.12505590066246,219,248,248,1
121.603759765625,133.047119140625,156.579345703125,74.35105953665716,48.751802615926024,50.106902838550056,255,220,200,1
92.32958984375,125.673828125,168.029541015625,36.69677884455456,49.96653722619478,76.27345218480524,248,241,255,1
213.43896484375,181.792724609375,184.741943359375,35.16799366776489,43.45308011727208,43.80642074590327,226,234,244,1
115.49951171875,114.461669921875,37.319580078125,86.49995483965053,66.40383448212995,71.4085589576053,254,240,255,1
201.97705078125,177.36865234375,198.33544921875,54.00491840207342,65.4143071194536,56.62138055134641,241,233,211,1
126.671875,126.671875,126.553955078125,74.83278070711641,74.83278070711641,74.67365208299407,255,255,255,1
